{
	"type" : "FeatureCollection",
	"name" : "REGISTERED_PHARMACY",
	"features" : [
		{
			"type" : "Feature",
			"geometry" : {
				"type" : "Point",
				"coordinates" : [ 103.85541118258217, 1.2991128709669995 ]
			},
			"properties" : {
				"OBJECTID_1" : 2779,
				"POSTAL_CODE" : "188021",
				"BUILDING_NAME" : "Singapore",
				"UNIT_NO" : "29 TO 33/33A",
				"LEVEL_NO" : "#02",
				"ROAD_NAME" : "VICTORIA STREET",
				"HOUSE_BLK_NO" : "200",
				"PHARMACY_NAME" : "Watson's Personal Care Stores Pte Ltd (Bugis Junction)",
				"INC_CRC" : "6A4F422D0C4490D6",
				"FMEL_UPD_D" : "20250925154506"
			}
		},
		{
			"type" : "Feature",
			"geometry" : {
				"type" : "Point",
				"coordinates" : [ 103.78568873923535, 1.4360078451714844 ]
			},
			"properties" : {
				"OBJECTID_1" : 2780,
				"POSTAL_CODE" : "738099",
				"BUILDING_NAME" : "Singapore",
				"UNIT_NO" : "14/15",
				"LEVEL_NO" : "#B1",
				"ROAD_NAME" : "WOODLANDS SQUARE",
				"HOUSE_BLK_NO" : "1",
				"PHARMACY_NAME" : "Watson's Personal Care Stores Pte Ltd (Causeway Point)",
				"INC_CRC" : "997DF23D5EAF6D9E",
				"FMEL_UPD_D" : "20250925154506"
			}
		},
		{
			"type" : "Feature",
			"geometry" : {
				"type" : "Point",
				"coordinates" : [ 103.85642177190559, 1.3113051647971354 ]
			},
			"properties" : {
				"OBJECTID_1" : 2781,
				"POSTAL_CODE" : "208539",
				"BUILDING_NAME" : "Singapore",
				"UNIT_NO" : "11",
				"LEVEL_NO" : "#B1",
				"ROAD_NAME" : "KITCHENER ROAD",
				"HOUSE_BLK_NO" : "180",
				"PHARMACY_NAME" : "Watson's Personal Care Stores Pte Ltd (City Square Mall)",
				"INC_CRC" : "525075C5EBED010C",
				"FMEL_UPD_D" : "20250925154506"
			}
		},
		{
			"type" : "Feature",
			"geometry" : {
				"type" : "Point",
				"coordinates" : [ 103.76424820566153, 1.314853218022595 ]
			},
			"properties" : {
				"OBJECTID_1" : 2782,
				"POSTAL_CODE" : "129588",
				"BUILDING_NAME" : "Singapore",
				"UNIT_NO" : "37/38/39",
				"LEVEL_NO" : "#B1",
				"ROAD_NAME" : "COMMONWEALTH AVENUE WEST",
				"HOUSE_BLK_NO" : "3155",
				"PHARMACY_NAME" : "Watson's Personal Care Stores Pte Ltd (Clementi Mall)",
				"INC_CRC" : "E9AD0B2DBC94E701",
				"FMEL_UPD_D" : "20250925154506"
			}
		},
		{
			"type" : "Feature",
			"geometry" : {
				"type" : "Point",
				"coordinates" : [ 103.89498003255373, 1.3920941501822675 ]
			},
			"properties" : {
				"OBJECTID_1" : 2783,
				"POSTAL_CODE" : "545078",
				"BUILDING_NAME" : "Singapore",
				"UNIT_NO" : "09",
				"LEVEL_NO" : "#02",
				"ROAD_NAME" : "SENGKANG SQUARE",
				"HOUSE_BLK_NO" : "1",
				"PHARMACY_NAME" : "Watson's Personal Care Stores Pte Ltd (Compass One)",
				"INC_CRC" : "3291922B80B56CCC",
				"FMEL_UPD_D" : "20250925154506"
			}
		},
		{
			"type" : "Feature",
			"geometry" : {
				"type" : "Point",
				"coordinates" : [ 103.83175791999047, 1.2938023464451105 ]
			},
			"properties" : {
				"OBJECTID_1" : 2784,
				"POSTAL_CODE" : "237994",
				"BUILDING_NAME" : "Singapore",
				"UNIT_NO" : "118 TO 121",
				"LEVEL_NO" : "#B1",
				"ROAD_NAME" : "KIM SENG PROMENADE",
				"HOUSE_BLK_NO" : "1",
				"PHARMACY_NAME" : "Watson's Personal Care Stores Pte Ltd (Great World City)",
				"INC_CRC" : "C8D45DC6CC223177",
				"FMEL_UPD_D" : "20250925154506"
			}
		},
		{
			"type" : "Feature",
			"geometry" : {
				"type" : "Point",
				"coordinates" : [ 103.93162062157725, 1.3269849884844858 ]
			},
			"properties" : {
				"OBJECTID_1" : 2785,
				"POSTAL_CODE" : "469662",
				"BUILDING_NAME" : "Singapore",
				"UNIT_NO" : "09 TO 10",
				"LEVEL_NO" : "#01",
				"ROAD_NAME" : "BEDOK NORTH STREET 1",
				"HOUSE_BLK_NO" : "11",
				"PHARMACY_NAME" : "Watson's Personal Care Stores Pte Ltd (Heartbeat@bedok)",
				"INC_CRC" : "E6D5FB697137E861",
				"FMEL_UPD_D" : "20250925154506"
			}
		},
		{
			"type" : "Feature",
			"geometry" : {
				"type" : "Point",
				"coordinates" : [ 103.84570322038553, 1.2757356808088909 ]
			},
			"properties" : {
				"OBJECTID_1" : 2786,
				"POSTAL_CODE" : "079903",
				"BUILDING_NAME" : "Singapore",
				"UNIT_NO" : "62-67",
				"LEVEL_NO" : "#01",
				"ROAD_NAME" : "ANSON ROAD",
				"HOUSE_BLK_NO" : "10",
				"PHARMACY_NAME" : "Watson's Personal Care Stores Pte Ltd (International Plaza)",
				"INC_CRC" : "3EB8E17ABE6CA605",
				"FMEL_UPD_D" : "20250925154506"
			}
		},
		{
			"type" : "Feature",
			"geometry" : {
				"type" : "Point",
				"coordinates" : [ 103.74317043629249, 1.333200210383313 ]
			},
			"properties" : {
				"OBJECTID_1" : 2787,
				"POSTAL_CODE" : "608549",
				"BUILDING_NAME" : "Singapore",
				"UNIT_NO" : "07",
				"LEVEL_NO" : "#B1",
				"ROAD_NAME" : "JURONG GATEWAY ROAD",
				"HOUSE_BLK_NO" : "50",
				"PHARMACY_NAME" : "Watson's Personal Care Stores Pte Ltd (Jem)",
				"INC_CRC" : "F0F20CDE7486E27B",
				"FMEL_UPD_D" : "20250925154506"
			}
		},
		{
			"type" : "Feature",
			"geometry" : {
				"type" : "Point",
				"coordinates" : [ 103.98907755519384, 1.360340996716565 ]
			},
			"properties" : {
				"OBJECTID_1" : 2788,
				"POSTAL_CODE" : "819666",
				"BUILDING_NAME" : "Singapore",
				"UNIT_NO" : "217/218",
				"LEVEL_NO" : "#B2",
				"ROAD_NAME" : "AIRPORT BOULEVARD",
				"HOUSE_BLK_NO" : "78",
				"PHARMACY_NAME" : "Watson's Personal Care Stores Pte Ltd (Jewel Changi Airport)",
				"INC_CRC" : "F81397E055AC8976",
				"FMEL_UPD_D" : "20250925154506"
			}
		},
		{
			"type" : "Feature",
			"geometry" : {
				"type" : "Point",
				"coordinates" : [ 103.8484300826872, 1.3501724268530226 ]
			},
			"properties" : {
				"OBJECTID_1" : 2789,
				"POSTAL_CODE" : "579837",
				"BUILDING_NAME" : "Singapore",
				"UNIT_NO" : "45/46",
				"LEVEL_NO" : "#02",
				"ROAD_NAME" : "BISHAN PLACE",
				"HOUSE_BLK_NO" : "9",
				"PHARMACY_NAME" : "Watson's Personal Care Stores Pte Ltd (Junction 8)",
				"INC_CRC" : "403FCEA3049422D6",
				"FMEL_UPD_D" : "20250925154506"
			}
		},
		{
			"type" : "Feature",
			"geometry" : {
				"type" : "Point",
				"coordinates" : [ 103.70646088413002, 1.339830152579402 ]
			},
			"properties" : {
				"OBJECTID_1" : 2790,
				"POSTAL_CODE" : "648886",
				"BUILDING_NAME" : "Singapore",
				"UNIT_NO" : "12/13/14",
				"LEVEL_NO" : "#B1",
				"ROAD_NAME" : "JURONG WEST CENTRAL 2",
				"HOUSE_BLK_NO" : "1",
				"PHARMACY_NAME" : "Watson's Personal Care Stores Pte Ltd (Jurong Point)",
				"INC_CRC" : "FCA5451CDF41D036",
				"FMEL_UPD_D" : "20250925154506"
			}
		},
		{
			"type" : "Feature",
			"geometry" : {
				"type" : "Point",
				"coordinates" : [ 103.85336966915413, 1.2802382534625087 ]
			},
			"properties" : {
				"OBJECTID_1" : 2791,
				"POSTAL_CODE" : "018984",
				"BUILDING_NAME" : "Singapore",
				"UNIT_NO" : "57/58/59",
				"LEVEL_NO" : "#B2",
				"ROAD_NAME" : "MARINA BOULEVARD",
				"HOUSE_BLK_NO" : "8A",
				"PHARMACY_NAME" : "Watson's Personal Care Stores Pte Ltd (Marina Bay Financial Centre)",
				"INC_CRC" : "01154570FF21572B",
				"FMEL_UPD_D" : "20250925154506"
			}
		},
		{
			"type" : "Feature",
			"geometry" : {
				"type" : "Point",
				"coordinates" : [ 103.85762911344149, 1.2833224930431217 ]
			},
			"properties" : {
				"OBJECTID_1" : 2792,
				"POSTAL_CODE" : "018972",
				"BUILDING_NAME" : "Singapore",
				"UNIT_NO" : "01B",
				"LEVEL_NO" : "#B2",
				"ROAD_NAME" : "BAYFRONT AVENUE",
				"HOUSE_BLK_NO" : "2",
				"PHARMACY_NAME" : "Watson's Personal Care Stores Pte Ltd (Marina Bay Sands)",
				"INC_CRC" : "5CA1715DF3A16F40",
				"FMEL_UPD_D" : "20250925154506"
			}
		},
		{
			"type" : "Feature",
			"geometry" : {
				"type" : "Point",
				"coordinates" : [ 103.87170454944983, 1.3504381717743235 ]
			},
			"properties" : {
				"OBJECTID_1" : 2793,
				"POSTAL_CODE" : "556083",
				"BUILDING_NAME" : "Singapore",
				"UNIT_NO" : "57",
				"LEVEL_NO" : "#02",
				"ROAD_NAME" : "SERANGOON CENTRAL",
				"HOUSE_BLK_NO" : "23",
				"PHARMACY_NAME" : "Watson's Personal Care Stores Pte Ltd (NEX)",
				"INC_CRC" : "0D7832C1E8305BF3",
				"FMEL_UPD_D" : "20250925154506"
			}
		},
		{
			"type" : "Feature",
			"geometry" : {
				"type" : "Point",
				"coordinates" : [ 103.83467612926874, 1.3024241655288082 ]
			},
			"properties" : {
				"OBJECTID_1" : 2794,
				"POSTAL_CODE" : "238872",
				"BUILDING_NAME" : "Singapore",
				"UNIT_NO" : "06-10",
				"LEVEL_NO" : "#B2",
				"ROAD_NAME" : "ORCHARD ROAD",
				"HOUSE_BLK_NO" : "391",
				"PHARMACY_NAME" : "Watson's Personal Care Stores Pte Ltd (Ngee Ann City)",
				"INC_CRC" : "8701F4D9FEA34BB6",
				"FMEL_UPD_D" : "20250925154506"
			}
		},
		{
			"type" : "Feature",
			"geometry" : {
				"type" : "Point",
				"coordinates" : [ 103.83609210218492, 1.4280358453225692 ]
			},
			"properties" : {
				"OBJECTID_1" : 2795,
				"POSTAL_CODE" : "768019",
				"BUILDING_NAME" : "Singapore",
				"UNIT_NO" : "160-165",
				"LEVEL_NO" : "#B1",
				"ROAD_NAME" : "NORTHPOINT DRIVE",
				"HOUSE_BLK_NO" : "1",
				"PHARMACY_NAME" : "Watson's Personal Care Stores Pte Ltd (North Point)",
				"INC_CRC" : "BD725D1747CFAB02",
				"FMEL_UPD_D" : "20250925154506"
			}
		},
		{
			"type" : "Feature",
			"geometry" : {
				"type" : "Point",
				"coordinates" : [ 103.84365677090855, 1.320210999738189 ]
			},
			"properties" : {
				"OBJECTID_1" : 2796,
				"POSTAL_CODE" : "307683",
				"BUILDING_NAME" : "Singapore",
				"UNIT_NO" : "05 TO 09",
				"LEVEL_NO" : "#02",
				"ROAD_NAME" : "THOMSON ROAD",
				"HOUSE_BLK_NO" : "238",
				"PHARMACY_NAME" : "Watson's Personal Care Stores Pte Ltd (Novena Square)",
				"INC_CRC" : "27A6FB1D7111C7B8",
				"FMEL_UPD_D" : "20250925154506"
			}
		},
		{
			"type" : "Feature",
			"geometry" : {
				"type" : "Point",
				"coordinates" : [ 103.83524031012566, 1.3037232137246697 ]
			},
			"properties" : {
				"OBJECTID_1" : 2797,
				"POSTAL_CODE" : "238859",
				"BUILDING_NAME" : "Singapore",
				"UNIT_NO" : "27/27A",
				"LEVEL_NO" : "#B1",
				"ROAD_NAME" : "ORCHARD ROAD",
				"HOUSE_BLK_NO" : "290",
				"PHARMACY_NAME" : "Watson's Personal Care Stores Pte Ltd (Paragon)",
				"INC_CRC" : "B22AF3F2468F900E",
				"FMEL_UPD_D" : "20250925154506"
			}
		},
		{
			"type" : "Feature",
			"geometry" : {
				"type" : "Point",
				"coordinates" : [ 103.90511359225532, 1.3011913074869057 ]
			},
			"properties" : {
				"OBJECTID_1" : 2798,
				"POSTAL_CODE" : "449269",
				"BUILDING_NAME" : "Singapore",
				"UNIT_NO" : "14/15/16",
				"LEVEL_NO" : "#B1",
				"ROAD_NAME" : "MARINE PARADE ROAD",
				"HOUSE_BLK_NO" : "80",
				"PHARMACY_NAME" : "Watson's Personal Care Stores Pte Ltd (Parkway Parade)",
				"INC_CRC" : "5A9328928C539206",
				"FMEL_UPD_D" : "20250925154506"
			}
		},
		{
			"type" : "Feature",
			"geometry" : {
				"type" : "Point",
				"coordinates" : [ 103.89272443421157, 1.3175238412685608 ]
			},
			"properties" : {
				"OBJECTID_1" : 2799,
				"POSTAL_CODE" : "409057",
				"BUILDING_NAME" : "Singapore",
				"UNIT_NO" : "19",
				"LEVEL_NO" : "#02",
				"ROAD_NAME" : "PAYA LEBAR ROAD",
				"HOUSE_BLK_NO" : "10",
				"PHARMACY_NAME" : "Watson's Personal Care Stores Pte Ltd (Paya Lebar Quarter)",
				"INC_CRC" : "DBF16780B69FE92C",
				"FMEL_UPD_D" : "20250925154506"
			}
		},
		{
			"type" : "Feature",
			"geometry" : {
				"type" : "Point",
				"coordinates" : [ 103.84504758088113, 1.3007477084715486 ]
			},
			"properties" : {
				"OBJECTID_1" : 2800,
				"POSTAL_CODE" : "238839",
				"BUILDING_NAME" : "Singapore",
				"UNIT_NO" : "06-07",
				"LEVEL_NO" : "#B2",
				"ROAD_NAME" : "ORCHARD ROAD",
				"HOUSE_BLK_NO" : "68",
				"PHARMACY_NAME" : "Watson's Personal Care Stores Pte Ltd (Plaza Singapura)",
				"INC_CRC" : "2EF1874B3ECD0683",
				"FMEL_UPD_D" : "20250925154506"
			}
		},
		{
			"type" : "Feature",
			"geometry" : {
				"type" : "Point",
				"coordinates" : [ 103.85276833238656, 1.2937602787541802 ]
			},
			"properties" : {
				"OBJECTID_1" : 2801,
				"POSTAL_CODE" : "179103",
				"BUILDING_NAME" : "Singapore",
				"UNIT_NO" : "42",
				"LEVEL_NO" : "#B1",
				"ROAD_NAME" : "NORTH BRIDGE ROAD",
				"HOUSE_BLK_NO" : "252",
				"PHARMACY_NAME" : "Watson's Personal Care Stores Pte Ltd (Raffles City)",
				"INC_CRC" : "F7358B2C312E28D4",
				"FMEL_UPD_D" : "20250925154506"
			}
		},
		{
			"type" : "Feature",
			"geometry" : {
				"type" : "Point",
				"coordinates" : [ 103.85767549794905, 1.2948790411732793 ]
			},
			"properties" : {
				"OBJECTID_1" : 2802,
				"POSTAL_CODE" : "038983",
				"BUILDING_NAME" : "Singapore",
				"UNIT_NO" : "420/421/422/423",
				"LEVEL_NO" : "#02",
				"ROAD_NAME" : "TEMASEK BOULEVARD",
				"HOUSE_BLK_NO" : "3",
				"PHARMACY_NAME" : "Watson's Personal Care Stores Pte Ltd (Suntec City)",
				"INC_CRC" : "16B4C2F5725ACFED",
				"FMEL_UPD_D" : "20250925154506"
			}
		},
		{
			"type" : "Feature",
			"geometry" : {
				"type" : "Point",
				"coordinates" : [ 103.94438798732376, 1.3526723159069935 ]
			},
			"properties" : {
				"OBJECTID_1" : 2803,
				"POSTAL_CODE" : "529510",
				"BUILDING_NAME" : "Singapore",
				"UNIT_NO" : "07/08/09",
				"LEVEL_NO" : "#B1",
				"ROAD_NAME" : "TAMPINES CENTRAL 5",
				"HOUSE_BLK_NO" : "4",
				"PHARMACY_NAME" : "Watson's Personal Care Stores Pte Ltd (Tampines Mall)",
				"INC_CRC" : "30EA1FA4F4B8A571",
				"FMEL_UPD_D" : "20250925154506"
			}
		},
		{
			"type" : "Feature",
			"geometry" : {
				"type" : "Point",
				"coordinates" : [ 103.84796542521939, 1.3329756209903534 ]
			},
			"properties" : {
				"OBJECTID_1" : 2804,
				"POSTAL_CODE" : "310190",
				"BUILDING_NAME" : "Singapore",
				"UNIT_NO" : "510",
				"LEVEL_NO" : "#01",
				"ROAD_NAME" : "LORONG 6 TOA PAYOH",
				"HOUSE_BLK_NO" : "190",
				"PHARMACY_NAME" : "Watson's Personal Care Stores Pte Ltd (Toa Payoh HDB Hub)",
				"INC_CRC" : "886D416BB9522973",
				"FMEL_UPD_D" : "20250925154506"
			}
		},
		{
			"type" : "Feature",
			"geometry" : {
				"type" : "Point",
				"coordinates" : [ 103.84346318597655, 1.3173346298740727 ]
			},
			"properties" : {
				"OBJECTID_1" : 2805,
				"POSTAL_CODE" : "307591",
				"BUILDING_NAME" : "Singapore",
				"UNIT_NO" : "53",
				"LEVEL_NO" : "#B1",
				"ROAD_NAME" : "THOMSON ROAD",
				"HOUSE_BLK_NO" : "101",
				"PHARMACY_NAME" : "Watson's Personal Care Stores Pte Ltd (United Square)",
				"INC_CRC" : "1C1585B0CC73ADC7",
				"FMEL_UPD_D" : "20250925154506"
			}
		},
		{
			"type" : "Feature",
			"geometry" : {
				"type" : "Point",
				"coordinates" : [ 103.82158925490758, 1.263895802318296 ]
			},
			"properties" : {
				"OBJECTID_1" : 2806,
				"POSTAL_CODE" : "098585",
				"BUILDING_NAME" : "Singapore",
				"UNIT_NO" : "15-17",
				"LEVEL_NO" : "#B2",
				"ROAD_NAME" : "HARBOURFRONT WALK",
				"HOUSE_BLK_NO" : "1",
				"PHARMACY_NAME" : "Watson's Personal Care Stores Pte Ltd (Vivo City)",
				"INC_CRC" : "57517317F52AA8B6",
				"FMEL_UPD_D" : "20250925154506"
			}
		},
		{
			"type" : "Feature",
			"geometry" : {
				"type" : "Point",
				"coordinates" : [ 103.8313951318169, 1.3040357703059604 ]
			},
			"properties" : {
				"OBJECTID_1" : 2807,
				"POSTAL_CODE" : "238801",
				"BUILDING_NAME" : "Singapore",
				"UNIT_NO" : "12",
				"LEVEL_NO" : "#B4",
				"ROAD_NAME" : "ORCHARD TURN",
				"HOUSE_BLK_NO" : "2",
				"PHARMACY_NAME" : "Watson's Personal Care Stores Pte Ltd Ion Orchard",
				"INC_CRC" : "0D92D93EDF98BF71",
				"FMEL_UPD_D" : "20250925154506"
			}
		},
		{
			"type" : "Feature",
			"geometry" : {
				"type" : "Point",
				"coordinates" : [ 103.79474382581002, 1.424681380086897 ]
			},
			"properties" : {
				"OBJECTID_1" : 2808,
				"POSTAL_CODE" : "737628",
				"BUILDING_NAME" : "Singapore",
				"UNIT_NO" : "00",
				"LEVEL_NO" : "#B1",
				"ROAD_NAME" : "WOODLANDS DRIVE 17",
				"HOUSE_BLK_NO" : "17",
				"PHARMACY_NAME" : "Woodlands Health Medical Centre Pharmacy",
				"INC_CRC" : "E1E32AE134B4CFA8",
				"FMEL_UPD_D" : "20250925154506"
			}
		},
		{
			"type" : "Feature",
			"geometry" : {
				"type" : "Point",
				"coordinates" : [ 103.8461191984506, 1.2874521078332797 ]
			},
			"properties" : {
				"OBJECTID_1" : 2809,
				"POSTAL_CODE" : "059815",
				"BUILDING_NAME" : "Singapore",
				"UNIT_NO" : "05",
				"LEVEL_NO" : "#B1",
				"ROAD_NAME" : "EU TONG SEN STREET",
				"HOUSE_BLK_NO" : "10",
				"PHARMACY_NAME" : "Woods Pharmacy Pte ltd",
				"INC_CRC" : "72F8C572AF14A071",
				"FMEL_UPD_D" : "20250925154506"
			}
		},
		{
			"type" : "Feature",
			"geometry" : {
				"type" : "Point",
				"coordinates" : [ 103.84115015224798, 1.3012572925097545 ]
			},
			"properties" : {
				"OBJECTID_1" : 2561,
				"POSTAL_CODE" : "238841",
				"BUILDING_NAME" : "Singapore",
				"UNIT_NO" : "06",
				"LEVEL_NO" : "#04",
				"ROAD_NAME" : "ORCHARD ROAD",
				"HOUSE_BLK_NO" : "150",
				"PHARMACY_NAME" : "A.M. Pharmacy Pte Ltd",
				"INC_CRC" : "FBC2691F46B51DAC",
				"FMEL_UPD_D" : "20250925154506"
			}
		},
		{
			"type" : "Feature",
			"geometry" : {
				"type" : "Point",
				"coordinates" : [ 103.98348280809512, 1.3380081335893919 ]
			},
			"properties" : {
				"OBJECTID_1" : 2562,
				"POSTAL_CODE" : "819665",
				"BUILDING_NAME" : "Singapore",
				"UNIT_NO" : "55/56",
				"LEVEL_NO" : "#02",
				"ROAD_NAME" : "AIRPORT BOULEVARD",
				"HOUSE_BLK_NO" : "10",
				"PHARMACY_NAME" : "AIRPORT PHARMACY T4 South",
				"INC_CRC" : "2C7925A5550E4BBD",
				"FMEL_UPD_D" : "20250925154506"
			}
		},
		{
			"type" : "Feature",
			"geometry" : {
				"type" : "Point",
				"coordinates" : [ 103.96461778192574, 1.3670005378337702 ]
			},
			"properties" : {
				"OBJECTID_1" : 2563,
				"POSTAL_CODE" : "510258",
				"BUILDING_NAME" : "Singapore",
				"UNIT_NO" : "14",
				"LEVEL_NO" : "#01",
				"ROAD_NAME" : "PASIR RIS STREET 21",
				"HOUSE_BLK_NO" : "258",
				"PHARMACY_NAME" : "Alchemy Pharmacy",
				"INC_CRC" : "5113090A1C81EDC0",
				"FMEL_UPD_D" : "20250925154506"
			}
		},
		{
			"type" : "Feature",
			"geometry" : {
				"type" : "Point",
				"coordinates" : [ 103.79944484620516, 1.2881222123185796 ]
			},
			"properties" : {
				"OBJECTID_1" : 2564,
				"POSTAL_CODE" : "159964",
				"BUILDING_NAME" : "Singapore",
				"UNIT_NO" : "00",
				"LEVEL_NO" : "#01",
				"ROAD_NAME" : "ALEXANDRA ROAD",
				"HOUSE_BLK_NO" : "378",
				"PHARMACY_NAME" : "Alexandra Hospital Retail Pharmacy",
				"INC_CRC" : "F75EE6EC871BA01F",
				"FMEL_UPD_D" : "20250925154506"
			}
		},
		{
			"type" : "Feature",
			"geometry" : {
				"type" : "Point",
				"coordinates" : [ 103.85334625827896, 1.3135947841053883 ]
			},
			"properties" : {
				"OBJECTID_1" : 2565,
				"POSTAL_CODE" : "218908",
				"BUILDING_NAME" : "Singapore",
				"UNIT_NO" : "01",
				"LEVEL_NO" : "#01",
				"ROAD_NAME" : "OWEN ROAD",
				"HOUSE_BLK_NO" : "96",
				"PHARMACY_NAME" : "Amber Compounding Pharmacy",
				"INC_CRC" : "E045E2697F702C44",
				"FMEL_UPD_D" : "20250925154506"
			}
		},
		{
			"type" : "Feature",
			"geometry" : {
				"type" : "Point",
				"coordinates" : [ 103.94929439368703, 1.3406847397366655 ]
			},
			"properties" : {
				"OBJECTID_1" : 2566,
				"POSTAL_CODE" : "529889",
				"BUILDING_NAME" : "Singapore",
				"UNIT_NO" : null,
				"LEVEL_NO" : null,
				"ROAD_NAME" : "SIMEI STREET 3 CHANGI GENERAL HOSPITAL",
				"HOUSE_BLK_NO" : "2",
				"PHARMACY_NAME" : "CGH Pharmacy B",
				"INC_CRC" : "88C04B97577C8DFB",
				"FMEL_UPD_D" : "20250925154506"
			}
		},
		{
			"type" : "Feature",
			"geometry" : {
				"type" : "Point",
				"coordinates" : [ 103.83831505402756, 1.2793314591479037 ]
			},
			"properties" : {
				"OBJECTID_1" : 2567,
				"POSTAL_CODE" : "168937",
				"BUILDING_NAME" : "Singapore",
				"UNIT_NO" : "01",
				"LEVEL_NO" : "#03",
				"ROAD_NAME" : "SECOND HOSPITAL AVENUE",
				"HOUSE_BLK_NO" : "3",
				"PHARMACY_NAME" : "Child Guidance Clinic, Health Promotion Board",
				"INC_CRC" : "4FCD7B8BAFFB580D",
				"FMEL_UPD_D" : "20250925154506"
			}
		},
		{
			"type" : "Feature",
			"geometry" : {
				"type" : "Point",
				"coordinates" : [ 103.88334880331543, 1.3815895497997452 ]
			},
			"properties" : {
				"OBJECTID_1" : 2568,
				"POSTAL_CODE" : "539747",
				"BUILDING_NAME" : "Singapore",
				"UNIT_NO" : "BLK 1",
				"LEVEL_NO" : "#01",
				"ROAD_NAME" : "BUANGKOK VIEW",
				"HOUSE_BLK_NO" : "10",
				"PHARMACY_NAME" : "Clinic B Pharmacy",
				"INC_CRC" : "48706941F62573B0",
				"FMEL_UPD_D" : "20250925154506"
			}
		},
		{
			"type" : "Feature",
			"geometry" : {
				"type" : "Point",
				"coordinates" : [ 103.80095780091568, 1.2984754688995657 ]
			},
			"properties" : {
				"OBJECTID_1" : 2569,
				"POSTAL_CODE" : "148958",
				"BUILDING_NAME" : "Singapore",
				"UNIT_NO" : "00",
				"LEVEL_NO" : "#04",
				"ROAD_NAME" : "STIRLING ROAD",
				"HOUSE_BLK_NO" : "580",
				"PHARMACY_NAME" : "Community Wellness Clinic Queenstown Pharmacy",
				"INC_CRC" : "359DDC5408DD9F22",
				"FMEL_UPD_D" : "20250925154506"
			}
		},
		{
			"type" : "Feature",
			"geometry" : {
				"type" : "Point",
				"coordinates" : [ 103.84385200272824, 1.2854952698022815 ]
			},
			"properties" : {
				"OBJECTID_1" : 2570,
				"POSTAL_CODE" : "058357",
				"BUILDING_NAME" : "Singapore",
				"UNIT_NO" : "23",
				"LEVEL_NO" : "#01",
				"ROAD_NAME" : "UPPER CROSS STREET",
				"HOUSE_BLK_NO" : "101",
				"PHARMACY_NAME" : "Essentials Pharmacy",
				"INC_CRC" : "7E5929188EA35F13",
				"FMEL_UPD_D" : "20250925154506"
			}
		},
		{
			"type" : "Feature",
			"geometry" : {
				"type" : "Point",
				"coordinates" : [ 103.85384219611947, 1.312756674590107 ]
			},
			"properties" : {
				"OBJECTID_1" : 2571,
				"POSTAL_CODE" : "217562",
				"BUILDING_NAME" : "Singapore",
				"UNIT_NO" : "03",
				"LEVEL_NO" : "#01",
				"ROAD_NAME" : "FARRER PARK STATION ROAD",
				"HOUSE_BLK_NO" : "1",
				"PHARMACY_NAME" : "Farrer Park Pharmacy",
				"INC_CRC" : "F37D689928913820",
				"FMEL_UPD_D" : "20250925154506"
			}
		},
		{
			"type" : "Feature",
			"geometry" : {
				"type" : "Point",
				"coordinates" : [ 103.8194208968635, 1.307364725183715 ]
			},
			"properties" : {
				"OBJECTID_1" : 2572,
				"POSTAL_CODE" : "258500",
				"BUILDING_NAME" : "Singapore",
				"UNIT_NO" : "00",
				"LEVEL_NO" : "#02",
				"ROAD_NAME" : "NAPIER ROAD",
				"HOUSE_BLK_NO" : "6A",
				"PHARMACY_NAME" : "GLENEAGLES HOSPITAL",
				"INC_CRC" : "D1ADC6BB5D9AF746",
				"FMEL_UPD_D" : "20250925154506"
			}
		},
		{
			"type" : "Feature",
			"geometry" : {
				"type" : "Point",
				"coordinates" : [ 103.75153128107334, 1.3497396209748793 ]
			},
			"properties" : {
				"OBJECTID_1" : 2573,
				"POSTAL_CODE" : "650634",
				"BUILDING_NAME" : "Singapore",
				"UNIT_NO" : "110",
				"LEVEL_NO" : "#01",
				"ROAD_NAME" : "BUKIT BATOK CENTRAL",
				"HOUSE_BLK_NO" : "634",
				"PHARMACY_NAME" : "GRACE HEALTHCARE",
				"INC_CRC" : "1BB33AF4E6415355",
				"FMEL_UPD_D" : "20250925154506"
			}
		},
		{
			"type" : "Feature",
			"geometry" : {
				"type" : "Point",
				"coordinates" : [ 103.90198817400874, 1.406536107205987 ]
			},
			"properties" : {
				"OBJECTID_1" : 2574,
				"POSTAL_CODE" : "828761",
				"BUILDING_NAME" : "Singapore",
				"UNIT_NO" : "04",
				"LEVEL_NO" : "#B1",
				"ROAD_NAME" : "PUNGGOL CENTRAL",
				"HOUSE_BLK_NO" : "83",
				"PHARMACY_NAME" : "Guardian Pharmacy ( Waterway Point)",
				"INC_CRC" : "92251D96151350F6",
				"FMEL_UPD_D" : "20250925154506"
			}
		},
		{
			"type" : "Feature",
			"geometry" : {
				"type" : "Point",
				"coordinates" : [ 103.80148947255785, 1.4404152980339775 ]
			},
			"properties" : {
				"OBJECTID_1" : 2575,
				"POSTAL_CODE" : "731678",
				"BUILDING_NAME" : "Singapore",
				"UNIT_NO" : "13",
				"LEVEL_NO" : "#01",
				"ROAD_NAME" : "WOODLANDS AVENUE 6",
				"HOUSE_BLK_NO" : "678A",
				"PHARMACY_NAME" : "Guardian Pharmacy (Admiralty Place)",
				"INC_CRC" : "2638E14CAFF3DCE8",
				"FMEL_UPD_D" : "20250925154506"
			}
		},
		{
			"type" : "Feature",
			"geometry" : {
				"type" : "Point",
				"coordinates" : [ 103.84723072638802, 1.3704071166224074 ]
			},
			"properties" : {
				"OBJECTID_1" : 2576,
				"POSTAL_CODE" : "560704",
				"BUILDING_NAME" : "Singapore",
				"UNIT_NO" : "2559C",
				"LEVEL_NO" : "#01",
				"ROAD_NAME" : "ANG MO KIO AVENUE 8",
				"HOUSE_BLK_NO" : "704",
				"PHARMACY_NAME" : "Guardian Pharmacy (Ang Mo Kio 3)",
				"INC_CRC" : "A7F525BC446201F5",
				"FMEL_UPD_D" : "20250925154506"
			}
		},
		{
			"type" : "Feature",
			"geometry" : {
				"type" : "Point",
				"coordinates" : [ 103.84839922748421, 1.369248912820203 ]
			},
			"properties" : {
				"OBJECTID_1" : 2577,
				"POSTAL_CODE" : "569933",
				"BUILDING_NAME" : "Singapore",
				"UNIT_NO" : "01/02",
				"LEVEL_NO" : "#B2",
				"ROAD_NAME" : "ANG MO KIO AVENUE 3",
				"HOUSE_BLK_NO" : "53",
				"PHARMACY_NAME" : "Guardian Pharmacy (Ang Mo Kio Hub)",
				"INC_CRC" : "0AB8ACDD75BF01F8",
				"FMEL_UPD_D" : "20250925154506"
			}
		},
		{
			"type" : "Feature",
			"geometry" : {
				"type" : "Point",
				"coordinates" : [ 103.93185786285622, 1.3245715029174026 ]
			},
			"properties" : {
				"OBJECTID_1" : 2578,
				"POSTAL_CODE" : "460210",
				"BUILDING_NAME" : "Singapore",
				"UNIT_NO" : "715",
				"LEVEL_NO" : "#01",
				"ROAD_NAME" : "NEW UPPER CHANGI ROAD",
				"HOUSE_BLK_NO" : "210",
				"PHARMACY_NAME" : "Guardian Pharmacy (Bedok Central)",
				"INC_CRC" : "165B25BC695D7478",
				"FMEL_UPD_D" : "20250925154506"
			}
		},
		{
			"type" : "Feature",
			"geometry" : {
				"type" : "Point",
				"coordinates" : [ 103.92918207824476, 1.3247936071073885 ]
			},
			"properties" : {
				"OBJECTID_1" : 2579,
				"POSTAL_CODE" : "467360",
				"BUILDING_NAME" : "Singapore",
				"UNIT_NO" : "45-47",
				"LEVEL_NO" : "#B2",
				"ROAD_NAME" : "NEW UPPER CHANGI ROAD",
				"HOUSE_BLK_NO" : "311",
				"PHARMACY_NAME" : "Guardian Pharmacy (Bedok Mall)",
				"INC_CRC" : "DE735AA591F429AC",
				"FMEL_UPD_D" : "20250925154506"
			}
		},
		{
			"type" : "Feature",
			"geometry" : {
				"type" : "Point",
				"coordinates" : [ 103.8484300826872, 1.3501724268530226 ]
			},
			"properties" : {
				"OBJECTID_1" : 2580,
				"POSTAL_CODE" : "579837",
				"BUILDING_NAME" : "Singapore",
				"UNIT_NO" : "08",
				"LEVEL_NO" : "#B1",
				"ROAD_NAME" : "BISHAN PLACE",
				"HOUSE_BLK_NO" : "9",
				"PHARMACY_NAME" : "Guardian Pharmacy (Bishan Place)",
				"INC_CRC" : "403FCEA319CB8DD1",
				"FMEL_UPD_D" : "20250925154506"
			}
		},
		{
			"type" : "Feature",
			"geometry" : {
				"type" : "Point",
				"coordinates" : [ 103.85541118258217, 1.2991128709669995 ]
			},
			"properties" : {
				"OBJECTID_1" : 2581,
				"POSTAL_CODE" : "188021",
				"BUILDING_NAME" : "Singapore",
				"UNIT_NO" : "20/21",
				"LEVEL_NO" : "#B1",
				"ROAD_NAME" : "VICTORIA STREET",
				"HOUSE_BLK_NO" : "200",
				"PHARMACY_NAME" : "Guardian Pharmacy (Bugis Junction 3)",
				"INC_CRC" : "6A4F422DBCDC544B",
				"FMEL_UPD_D" : "20250925154506"
			}
		},
		{
			"type" : "Feature",
			"geometry" : {
				"type" : "Point",
				"coordinates" : [ 103.7639618526176, 1.3805173281591359 ]
			},
			"properties" : {
				"OBJECTID_1" : 2582,
				"POSTAL_CODE" : "677743",
				"BUILDING_NAME" : "Singapore",
				"UNIT_NO" : "01/02/03",
				"LEVEL_NO" : "#01",
				"ROAD_NAME" : "JELEBU ROAD",
				"HOUSE_BLK_NO" : "1",
				"PHARMACY_NAME" : "Guardian Pharmacy (Bukit Panjang Plaza)",
				"INC_CRC" : "E9984692ACD60562",
				"FMEL_UPD_D" : "20250925154506"
			}
		},
		{
			"type" : "Feature",
			"geometry" : {
				"type" : "Point",
				"coordinates" : [ 103.78568873923535, 1.4360078451714844 ]
			},
			"properties" : {
				"OBJECTID_1" : 2583,
				"POSTAL_CODE" : "738099",
				"BUILDING_NAME" : "Singapore",
				"UNIT_NO" : "28-30",
				"LEVEL_NO" : "#B1",
				"ROAD_NAME" : "WOODLANDS SQUARE",
				"HOUSE_BLK_NO" : "1",
				"PHARMACY_NAME" : "Guardian Pharmacy (Causeway Point)",
				"INC_CRC" : "997DF23D21B17C47",
				"FMEL_UPD_D" : "20250925154506"
			}
		},
		{
			"type" : "Feature",
			"geometry" : {
				"type" : "Point",
				"coordinates" : [ 103.98970726054198, 1.3624910042910579 ]
			},
			"properties" : {
				"OBJECTID_1" : 2584,
				"POSTAL_CODE" : "819642",
				"BUILDING_NAME" : "Singapore",
				"UNIT_NO" : "69",
				"LEVEL_NO" : "#02",
				"ROAD_NAME" : "AIRPORT BOULEVARD",
				"HOUSE_BLK_NO" : "80",
				"PHARMACY_NAME" : "Guardian Pharmacy (Changi T1 Transit East)",
				"INC_CRC" : "8E43F1B7B0873A69",
				"FMEL_UPD_D" : "20250925154506"
			}
		},
		{
			"type" : "Feature",
			"geometry" : {
				"type" : "Point",
				"coordinates" : [ 103.98875098124995, 1.3551909404722253 ]
			},
			"properties" : {
				"OBJECTID_1" : 2585,
				"POSTAL_CODE" : "819643",
				"BUILDING_NAME" : "Singapore",
				"UNIT_NO" : "155",
				"LEVEL_NO" : "#02",
				"ROAD_NAME" : "AIRPORT BOULEVARD",
				"HOUSE_BLK_NO" : "60",
				"PHARMACY_NAME" : "Guardian Pharmacy (Changi T2 North)",
				"INC_CRC" : "51DD7FDD3AC935DA",
				"FMEL_UPD_D" : "20250925154506"
			}
		},
		{
			"type" : "Feature",
			"geometry" : {
				"type" : "Point",
				"coordinates" : [ 103.98516965326814, 1.3543707361736141 ]
			},
			"properties" : {
				"OBJECTID_1" : 2586,
				"POSTAL_CODE" : "819663",
				"BUILDING_NAME" : "Singapore",
				"UNIT_NO" : "24",
				"LEVEL_NO" : "#B2",
				"ROAD_NAME" : "AIRPORT BOULEVARD",
				"HOUSE_BLK_NO" : "65",
				"PHARMACY_NAME" : "Guardian Pharmacy (Changi T3 Basement 2 North)",
				"INC_CRC" : "1A6E905C86013F3C",
				"FMEL_UPD_D" : "20250925154506"
			}
		},
		{
			"type" : "Feature",
			"geometry" : {
				"type" : "Point",
				"coordinates" : [ 103.8446970853951, 1.2849988277129758 ]
			},
			"properties" : {
				"OBJECTID_1" : 2587,
				"POSTAL_CODE" : "059413",
				"BUILDING_NAME" : "Singapore",
				"UNIT_NO" : "34",
				"LEVEL_NO" : "#B1",
				"ROAD_NAME" : "NEW BRIDGE ROAD",
				"HOUSE_BLK_NO" : "133",
				"PHARMACY_NAME" : "Guardian Pharmacy (Chinatown Point 4)",
				"INC_CRC" : "CA38BDBE0772BE56",
				"FMEL_UPD_D" : "20250925154506"
			}
		},
		{
			"type" : "Feature",
			"geometry" : {
				"type" : "Point",
				"coordinates" : [ 103.85642177190559, 1.3113051647971354 ]
			},
			"properties" : {
				"OBJECTID_1" : 2588,
				"POSTAL_CODE" : "208539",
				"BUILDING_NAME" : "Singapore",
				"UNIT_NO" : "18/19",
				"LEVEL_NO" : "#B1",
				"ROAD_NAME" : "KITCHENER ROAD",
				"HOUSE_BLK_NO" : "180",
				"PHARMACY_NAME" : "Guardian Pharmacy (City Square Mall)",
				"INC_CRC" : "525075C536E56230",
				"FMEL_UPD_D" : "20250925154506"
			}
		},
		{
			"type" : "Feature",
			"geometry" : {
				"type" : "Point",
				"coordinates" : [ 103.76424820566153, 1.314853218022595 ]
			},
			"properties" : {
				"OBJECTID_1" : 2589,
				"POSTAL_CODE" : "129588",
				"BUILDING_NAME" : "Singapore",
				"UNIT_NO" : "59/60/61",
				"LEVEL_NO" : "#03",
				"ROAD_NAME" : "COMMONWEALTH AVENUE WEST",
				"HOUSE_BLK_NO" : "3155",
				"PHARMACY_NAME" : "Guardian Pharmacy (Clementi Mall)",
				"INC_CRC" : "E9AD0B2DBBE29586",
				"FMEL_UPD_D" : "20250925154506"
			}
		},
		{
			"type" : "Feature",
			"geometry" : {
				"type" : "Point",
				"coordinates" : [ 103.89498003255373, 1.3920941501822675 ]
			},
			"properties" : {
				"OBJECTID_1" : 2590,
				"POSTAL_CODE" : "545078",
				"BUILDING_NAME" : "Singapore",
				"UNIT_NO" : "11",
				"LEVEL_NO" : "#B1",
				"ROAD_NAME" : "SENGKANG SQUARE",
				"HOUSE_BLK_NO" : "1",
				"PHARMACY_NAME" : "Guardian Pharmacy (Compass One)",
				"INC_CRC" : "3291922B94CFBD35",
				"FMEL_UPD_D" : "20250925154506"
			}
		},
		{
			"type" : "Feature",
			"geometry" : {
				"type" : "Point",
				"coordinates" : [ 103.98516965326814, 1.3543707361736141 ]
			},
			"properties" : {
				"OBJECTID_1" : 2591,
				"POSTAL_CODE" : "819663",
				"BUILDING_NAME" : "Singapore",
				"UNIT_NO" : "29",
				"LEVEL_NO" : "#02",
				"ROAD_NAME" : "AIRPORT BOULEVARD",
				"HOUSE_BLK_NO" : "65",
				"PHARMACY_NAME" : "Guardian Pharmacy (Departure 3-South)",
				"INC_CRC" : "1A6E905CE610361E",
				"FMEL_UPD_D" : "20250925154506"
			}
		},
		{
			"type" : "Feature",
			"geometry" : {
				"type" : "Point",
				"coordinates" : [ 103.98970726054198, 1.3624910042910579 ]
			},
			"properties" : {
				"OBJECTID_1" : 2592,
				"POSTAL_CODE" : "819642",
				"BUILDING_NAME" : "Singapore",
				"UNIT_NO" : "16",
				"LEVEL_NO" : "#02",
				"ROAD_NAME" : "AIRPORT BOULEVARD",
				"HOUSE_BLK_NO" : "80",
				"PHARMACY_NAME" : "Guardian Pharmacy (Departure Transit West T1)",
				"INC_CRC" : "8E43F1B705A2A847",
				"FMEL_UPD_D" : "20250925154506"
			}
		},
		{
			"type" : "Feature",
			"geometry" : {
				"type" : "Point",
				"coordinates" : [ 103.84998479493493, 1.2912440003346848 ]
			},
			"properties" : {
				"OBJECTID_1" : 2593,
				"POSTAL_CODE" : "179105",
				"BUILDING_NAME" : "Singapore",
				"UNIT_NO" : "16",
				"LEVEL_NO" : "#B2",
				"ROAD_NAME" : "NORTH BRIDGE ROAD",
				"HOUSE_BLK_NO" : "107",
				"PHARMACY_NAME" : "Guardian Pharmacy (Funan Mall)",
				"INC_CRC" : "BD47134D14FB5325",
				"FMEL_UPD_D" : "20250925154506"
			}
		},
		{
			"type" : "Feature",
			"geometry" : {
				"type" : "Point",
				"coordinates" : [ 103.8201244594207, 1.3070615615333583 ]
			},
			"properties" : {
				"OBJECTID_1" : 2594,
				"POSTAL_CODE" : "258499",
				"BUILDING_NAME" : "Singapore",
				"UNIT_NO" : "06-08",
				"LEVEL_NO" : "#02",
				"ROAD_NAME" : "NAPIER ROAD",
				"HOUSE_BLK_NO" : "6",
				"PHARMACY_NAME" : "Guardian Pharmacy (Gleneagles)",
				"INC_CRC" : "92CA621151B17180",
				"FMEL_UPD_D" : "20250925154506"
			}
		},
		{
			"type" : "Feature",
			"geometry" : {
				"type" : "Point",
				"coordinates" : [ 103.83175791999047, 1.2938023464451105 ]
			},
			"properties" : {
				"OBJECTID_1" : 2595,
				"POSTAL_CODE" : "237994",
				"BUILDING_NAME" : "Singapore",
				"UNIT_NO" : "122/123/124/125",
				"LEVEL_NO" : "#B1",
				"ROAD_NAME" : "KIM SENG PROMENADE",
				"HOUSE_BLK_NO" : "1",
				"PHARMACY_NAME" : "Guardian Pharmacy (Great World City)",
				"INC_CRC" : "C8D45DC6B01B6B85",
				"FMEL_UPD_D" : "20250925154506"
			}
		},
		{
			"type" : "Feature",
			"geometry" : {
				"type" : "Point",
				"coordinates" : [ 103.88507992783312, 1.3594966428273796 ]
			},
			"properties" : {
				"OBJECTID_1" : 2596,
				"POSTAL_CODE" : "530205",
				"BUILDING_NAME" : "Singapore",
				"UNIT_NO" : "129",
				"LEVEL_NO" : "#01",
				"ROAD_NAME" : "HOUGANG STREET 21",
				"HOUSE_BLK_NO" : "205",
				"PHARMACY_NAME" : "Guardian Pharmacy (H205)",
				"INC_CRC" : "432E0EC7556ED739",
				"FMEL_UPD_D" : "20250925154506"
			}
		},
		{
			"type" : "Feature",
			"geometry" : {
				"type" : "Point",
				"coordinates" : [ 103.8187325655546, 1.262063364207044 ]
			},
			"properties" : {
				"OBJECTID_1" : 2597,
				"POSTAL_CODE" : "099253",
				"BUILDING_NAME" : "Singapore",
				"UNIT_NO" : "111/112",
				"LEVEL_NO" : "#02",
				"ROAD_NAME" : "MARITIME SQUARE",
				"HOUSE_BLK_NO" : "1",
				"PHARMACY_NAME" : "Guardian Pharmacy (Harbourfront Centre)",
				"INC_CRC" : "62D6040AF0494C6D",
				"FMEL_UPD_D" : "20250925154506"
			}
		},
		{
			"type" : "Feature",
			"geometry" : {
				"type" : "Point",
				"coordinates" : [ 103.76417292313711, 1.3626745061791221 ]
			},
			"properties" : {
				"OBJECTID_1" : 2598,
				"POSTAL_CODE" : "667979",
				"BUILDING_NAME" : "Singapore",
				"UNIT_NO" : "04",
				"LEVEL_NO" : "#01",
				"ROAD_NAME" : "HILLVIEW RISE",
				"HOUSE_BLK_NO" : "4",
				"PHARMACY_NAME" : "Guardian Pharmacy (Hillview Rise)",
				"INC_CRC" : "7A89250AEC7C28B3",
				"FMEL_UPD_D" : "20250925154506"
			}
		},
		{
			"type" : "Feature",
			"geometry" : {
				"type" : "Point",
				"coordinates" : [ 103.79535044546057, 1.3102554162884705 ]
			},
			"properties" : {
				"OBJECTID_1" : 2599,
				"POSTAL_CODE" : "278967",
				"BUILDING_NAME" : "Singapore",
				"UNIT_NO" : "10/11",
				"LEVEL_NO" : "#01",
				"ROAD_NAME" : "HOLLAND AVENUE",
				"HOUSE_BLK_NO" : "211",
				"PHARMACY_NAME" : "Guardian Pharmacy (Holland Shopping Centre)",
				"INC_CRC" : "F6971B1CAFA1B5DE",
				"FMEL_UPD_D" : "20250925154506"
			}
		},
		{
			"type" : "Feature",
			"geometry" : {
				"type" : "Point",
				"coordinates" : [ 103.89366161203019, 1.3723118564295858 ]
			},
			"properties" : {
				"OBJECTID_1" : 2600,
				"POSTAL_CODE" : "538766",
				"BUILDING_NAME" : "Singapore",
				"UNIT_NO" : "31",
				"LEVEL_NO" : "#B1",
				"ROAD_NAME" : "HOUGANG AVENUE 10",
				"HOUSE_BLK_NO" : "90",
				"PHARMACY_NAME" : "Guardian Pharmacy (Hougang Mall)",
				"INC_CRC" : "3500FCBCC235BD9D",
				"FMEL_UPD_D" : "20250925154506"
			}
		},
		{
			"type" : "Feature",
			"geometry" : {
				"type" : "Point",
				"coordinates" : [ 103.74673449680041, 1.334898437174758 ]
			},
			"properties" : {
				"OBJECTID_1" : 2601,
				"POSTAL_CODE" : "609601",
				"BUILDING_NAME" : "Singapore",
				"UNIT_NO" : "99",
				"LEVEL_NO" : "#01",
				"ROAD_NAME" : "JURONG EAST STREET 21",
				"HOUSE_BLK_NO" : "2",
				"PHARMACY_NAME" : "Guardian Pharmacy (IMM Building)",
				"INC_CRC" : "9FB1C7B38E92DAEF",
				"FMEL_UPD_D" : "20250925154506"
			}
		},
		{
			"type" : "Feature",
			"geometry" : {
				"type" : "Point",
				"coordinates" : [ 103.8313951318169, 1.3040357703059604 ]
			},
			"properties" : {
				"OBJECTID_1" : 2602,
				"POSTAL_CODE" : "238801",
				"BUILDING_NAME" : "Singapore",
				"UNIT_NO" : "02",
				"LEVEL_NO" : "#B4",
				"ROAD_NAME" : "ORCHARD TURN",
				"HOUSE_BLK_NO" : "2",
				"PHARMACY_NAME" : "Guardian Pharmacy (ION)",
				"INC_CRC" : "0D92D93E5D352A85",
				"FMEL_UPD_D" : "20250925154506"
			}
		},
		{
			"type" : "Feature",
			"geometry" : {
				"type" : "Point",
				"coordinates" : [ 103.85244887087687, 1.284132517204535 ]
			},
			"properties" : {
				"OBJECTID_1" : 2603,
				"POSTAL_CODE" : "049318",
				"BUILDING_NAME" : "Singapore",
				"UNIT_NO" : "11/12",
				"LEVEL_NO" : "#01",
				"ROAD_NAME" : "COLLYER QUAY",
				"HOUSE_BLK_NO" : "16",
				"PHARMACY_NAME" : "Guardian Pharmacy (Income @ Raffles)",
				"INC_CRC" : "D9BAFDE07423FEE9",
				"FMEL_UPD_D" : "20250925154506"
			}
		},
		{
			"type" : "Feature",
			"geometry" : {
				"type" : "Point",
				"coordinates" : [ 103.74317043629249, 1.333200210383313 ]
			},
			"properties" : {
				"OBJECTID_1" : 2604,
				"POSTAL_CODE" : "608549",
				"BUILDING_NAME" : "Singapore",
				"UNIT_NO" : "16/17",
				"LEVEL_NO" : "#B1",
				"ROAD_NAME" : "JURONG GATEWAY ROAD",
				"HOUSE_BLK_NO" : "50",
				"PHARMACY_NAME" : "Guardian Pharmacy (JEM)",
				"INC_CRC" : "F0F20CDE0B969054",
				"FMEL_UPD_D" : "20250925154506"
			}
		},
		{
			"type" : "Feature",
			"geometry" : {
				"type" : "Point",
				"coordinates" : [ 103.78585055041594, 1.3175455507161866 ]
			},
			"properties" : {
				"OBJECTID_1" : 2605,
				"POSTAL_CODE" : "278628",
				"BUILDING_NAME" : "Singapore",
				"UNIT_NO" : "10",
				"LEVEL_NO" : "#02",
				"ROAD_NAME" : "HOLLAND ROAD",
				"HOUSE_BLK_NO" : "293",
				"PHARMACY_NAME" : "Guardian Pharmacy (Jelita)",
				"INC_CRC" : "1125A3B6962B724F",
				"FMEL_UPD_D" : "20250925154506"
			}
		},
		{
			"type" : "Feature",
			"geometry" : {
				"type" : "Point",
				"coordinates" : [ 103.70535100057792, 1.3393150339641708 ]
			},
			"properties" : {
				"OBJECTID_1" : 2606,
				"POSTAL_CODE" : "648331",
				"BUILDING_NAME" : "Singapore",
				"UNIT_NO" : "27/28",
				"LEVEL_NO" : "#B1",
				"ROAD_NAME" : "JURONG WEST CENTRAL 3",
				"HOUSE_BLK_NO" : "63",
				"PHARMACY_NAME" : "Guardian Pharmacy (Jurong Point 2)",
				"INC_CRC" : "94D6A613CD61A221",
				"FMEL_UPD_D" : "20250925154506"
			}
		},
		{
			"type" : "Feature",
			"geometry" : {
				"type" : "Point",
				"coordinates" : [ 103.87275071133227, 1.303843267646838 ]
			},
			"properties" : {
				"OBJECTID_1" : 2607,
				"POSTAL_CODE" : "397628",
				"BUILDING_NAME" : "Singapore",
				"UNIT_NO" : "51",
				"LEVEL_NO" : "#01",
				"ROAD_NAME" : "STADIUM PLACE",
				"HOUSE_BLK_NO" : "1",
				"PHARMACY_NAME" : "Guardian Pharmacy (Kallang Wave Mall)",
				"INC_CRC" : "85070E9B71A5DCDD",
				"FMEL_UPD_D" : "20250925154506"
			}
		},
		{
			"type" : "Feature",
			"geometry" : {
				"type" : "Point",
				"coordinates" : [ 103.744950384161, 1.385068356675635 ]
			},
			"properties" : {
				"OBJECTID_1" : 2608,
				"POSTAL_CODE" : "689812",
				"BUILDING_NAME" : "Singapore",
				"UNIT_NO" : "26/27",
				"LEVEL_NO" : "#B1",
				"ROAD_NAME" : "CHOA CHU KANG AVENUE 4",
				"HOUSE_BLK_NO" : "21",
				"PHARMACY_NAME" : "Guardian Pharmacy (LOT 1)",
				"INC_CRC" : "E2F44985334063D6",
				"FMEL_UPD_D" : "20250925154506"
			}
		},
		{
			"type" : "Feature",
			"geometry" : {
				"type" : "Point",
				"coordinates" : [ 103.85762911344149, 1.2833224930431217 ]
			},
			"properties" : {
				"OBJECTID_1" : 2609,
				"POSTAL_CODE" : "018972",
				"BUILDING_NAME" : "Singapore",
				"UNIT_NO" : "49",
				"LEVEL_NO" : "#B2",
				"ROAD_NAME" : "BAYFRONT AVENUE",
				"HOUSE_BLK_NO" : "2",
				"PHARMACY_NAME" : "Guardian Pharmacy (Marina Bay Sands)",
				"INC_CRC" : "5CA1715D039228F7",
				"FMEL_UPD_D" : "20250925154506"
			}
		},
		{
			"type" : "Feature",
			"geometry" : {
				"type" : "Point",
				"coordinates" : [ 103.83543294616747, 1.3051548655068184 ]
			},
			"properties" : {
				"OBJECTID_1" : 2610,
				"POSTAL_CODE" : "228510",
				"BUILDING_NAME" : "Singapore",
				"UNIT_NO" : "K1",
				"LEVEL_NO" : "#03",
				"ROAD_NAME" : "MOUNT ELIZABETH",
				"HOUSE_BLK_NO" : "3",
				"PHARMACY_NAME" : "Guardian Pharmacy (Mount Elizabeth Medical Level 3)",
				"INC_CRC" : "5F5B3A29B6C9CE60",
				"FMEL_UPD_D" : "20250925154506"
			}
		},
		{
			"type" : "Feature",
			"geometry" : {
				"type" : "Point",
				"coordinates" : [ 103.84504758088113, 1.3007477084715486 ]
			},
			"properties" : {
				"OBJECTID_1" : 2611,
				"POSTAL_CODE" : "238839",
				"BUILDING_NAME" : "Singapore",
				"UNIT_NO" : "15",
				"LEVEL_NO" : "#B2",
				"ROAD_NAME" : "ORCHARD ROAD",
				"HOUSE_BLK_NO" : "68",
				"PHARMACY_NAME" : "Guardian Pharmacy (New Plaza Singapura )",
				"INC_CRC" : "2EF1874BFF0E57C9",
				"FMEL_UPD_D" : "20250925154506"
			}
		},
		{
			"type" : "Feature",
			"geometry" : {
				"type" : "Point",
				"coordinates" : [ 103.85767549794905, 1.2948790411732793 ]
			},
			"properties" : {
				"OBJECTID_1" : 2612,
				"POSTAL_CODE" : "038983",
				"BUILDING_NAME" : "Singapore",
				"UNIT_NO" : "705/707",
				"LEVEL_NO" : "#02",
				"ROAD_NAME" : "TEMASEK BOULEVARD",
				"HOUSE_BLK_NO" : "3",
				"PHARMACY_NAME" : "Guardian Pharmacy (New Suntec City)",
				"INC_CRC" : "16B4C2F52FEB45D3",
				"FMEL_UPD_D" : "20250925154506"
			}
		},
		{
			"type" : "Feature",
			"geometry" : {
				"type" : "Point",
				"coordinates" : [ 103.83577649668752, 1.4296984796948624 ]
			},
			"properties" : {
				"OBJECTID_1" : 2613,
				"POSTAL_CODE" : "769098",
				"BUILDING_NAME" : "Singapore",
				"UNIT_NO" : "02/03",
				"LEVEL_NO" : "#B1",
				"ROAD_NAME" : "YISHUN AVENUE 2",
				"HOUSE_BLK_NO" : "930",
				"PHARMACY_NAME" : "Guardian Pharmacy (Northpoint)",
				"INC_CRC" : "C1B4B590DF3C83AF",
				"FMEL_UPD_D" : "20250925154506"
			}
		},
		{
			"type" : "Feature",
			"geometry" : {
				"type" : "Point",
				"coordinates" : [ 103.84421238557309, 1.3221400505257639 ]
			},
			"properties" : {
				"OBJECTID_1" : 2614,
				"POSTAL_CODE" : "329563",
				"BUILDING_NAME" : "Singapore",
				"UNIT_NO" : "08/09/10/11",
				"LEVEL_NO" : "#01",
				"ROAD_NAME" : "IRRAWADDY ROAD",
				"HOUSE_BLK_NO" : "38",
				"PHARMACY_NAME" : "Guardian Pharmacy (Novena Hospital)",
				"INC_CRC" : "5BF6813DBE7F8077",
				"FMEL_UPD_D" : "20250925154506"
			}
		},
		{
			"type" : "Feature",
			"geometry" : {
				"type" : "Point",
				"coordinates" : [ 103.84365677090855, 1.320210999738189 ]
			},
			"properties" : {
				"OBJECTID_1" : 2615,
				"POSTAL_CODE" : "307683",
				"BUILDING_NAME" : "Singapore",
				"UNIT_NO" : "31",
				"LEVEL_NO" : "#01",
				"ROAD_NAME" : "THOMSON ROAD",
				"HOUSE_BLK_NO" : "238",
				"PHARMACY_NAME" : "Guardian Pharmacy (Novena Square)",
				"INC_CRC" : "27A6FB1D7FB8D742",
				"FMEL_UPD_D" : "20250925154506"
			}
		},
		{
			"type" : "Feature",
			"geometry" : {
				"type" : "Point",
				"coordinates" : [ 103.91296243236297, 1.4025958151528584 ]
			},
			"properties" : {
				"OBJECTID_1" : 2616,
				"POSTAL_CODE" : "820681",
				"BUILDING_NAME" : "Singapore",
				"UNIT_NO" : "22/23/24/25",
				"LEVEL_NO" : "#01",
				"ROAD_NAME" : "PUNGGOL DRIVE",
				"HOUSE_BLK_NO" : "681",
				"PHARMACY_NAME" : "Guardian Pharmacy (Oasis Terrace)",
				"INC_CRC" : "E8D4D5AFD5631703",
				"FMEL_UPD_D" : "20250925154506"
			}
		},
		{
			"type" : "Feature",
			"geometry" : {
				"type" : "Point",
				"coordinates" : [ 103.93968359444563, 1.3534961547181348 ]
			},
			"properties" : {
				"OBJECTID_1" : 2617,
				"POSTAL_CODE" : "528523",
				"BUILDING_NAME" : "Singapore",
				"UNIT_NO" : "29",
				"LEVEL_NO" : "#B1",
				"ROAD_NAME" : "TAMPINES WALK",
				"HOUSE_BLK_NO" : "1",
				"PHARMACY_NAME" : "Guardian Pharmacy (Our Tampines Hub)",
				"INC_CRC" : "C57C470A787AD1C3",
				"FMEL_UPD_D" : "20250925154506"
			}
		},
		{
			"type" : "Feature",
			"geometry" : {
				"type" : "Point",
				"coordinates" : [ 103.83524031012566, 1.3037232137246697 ]
			},
			"properties" : {
				"OBJECTID_1" : 2618,
				"POSTAL_CODE" : "238859",
				"BUILDING_NAME" : "Singapore",
				"UNIT_NO" : "20/24",
				"LEVEL_NO" : "#B1",
				"ROAD_NAME" : "ORCHARD ROAD",
				"HOUSE_BLK_NO" : "290",
				"PHARMACY_NAME" : "Guardian Pharmacy (Paragon)",
				"INC_CRC" : "B22AF3F283AB9938",
				"FMEL_UPD_D" : "20250925154506"
			}
		},
		{
			"type" : "Feature",
			"geometry" : {
				"type" : "Point",
				"coordinates" : [ 103.90511359225532, 1.3011913074869057 ]
			},
			"properties" : {
				"OBJECTID_1" : 2619,
				"POSTAL_CODE" : "449269",
				"BUILDING_NAME" : "Singapore",
				"UNIT_NO" : "147-149/155A",
				"LEVEL_NO" : "#B1",
				"ROAD_NAME" : "MARINE PARADE ROAD",
				"HOUSE_BLK_NO" : "80",
				"PHARMACY_NAME" : "Guardian Pharmacy (Parkway Parade)",
				"INC_CRC" : "5A932892F67BAD79",
				"FMEL_UPD_D" : "20250925154506"
			}
		},
		{
			"type" : "Feature",
			"geometry" : {
				"type" : "Point",
				"coordinates" : [ 103.94859768295403, 1.373961970922698 ]
			},
			"properties" : {
				"OBJECTID_1" : 2620,
				"POSTAL_CODE" : "519612",
				"BUILDING_NAME" : "Singapore",
				"UNIT_NO" : "29",
				"LEVEL_NO" : "#B1",
				"ROAD_NAME" : "PASIR RIS CENTRAL",
				"HOUSE_BLK_NO" : "7",
				"PHARMACY_NAME" : "Guardian Pharmacy (Pasir Ris Mall)",
				"INC_CRC" : "B74A27A2A4B6EE4C",
				"FMEL_UPD_D" : "20250925154506"
			}
		},
		{
			"type" : "Feature",
			"geometry" : {
				"type" : "Point",
				"coordinates" : [ 103.89272443421157, 1.3175238412685608 ]
			},
			"properties" : {
				"OBJECTID_1" : 2621,
				"POSTAL_CODE" : "409057",
				"BUILDING_NAME" : "Singapore",
				"UNIT_NO" : "01 & 35",
				"LEVEL_NO" : "#B2",
				"ROAD_NAME" : "PAYA LEBAR ROAD",
				"HOUSE_BLK_NO" : "10",
				"PHARMACY_NAME" : "Guardian Pharmacy (Paya Lebar Quarter)",
				"INC_CRC" : "DBF167807256B465",
				"FMEL_UPD_D" : "20250925154506"
			}
		},
		{
			"type" : "Feature",
			"geometry" : {
				"type" : "Point",
				"coordinates" : [ 103.73412731202225, 1.3575775938107777 ]
			},
			"properties" : {
				"OBJECTID_1" : 2622,
				"POSTAL_CODE" : "690127",
				"BUILDING_NAME" : "Singapore",
				"UNIT_NO" : "16",
				"LEVEL_NO" : "#B1",
				"ROAD_NAME" : "PLANTATION CRESCENT",
				"HOUSE_BLK_NO" : "127",
				"PHARMACY_NAME" : "Guardian Pharmacy (Plantation Plaza)",
				"INC_CRC" : "86B185F9EDC50F2F",
				"FMEL_UPD_D" : "20250925154506"
			}
		},
		{
			"type" : "Feature",
			"geometry" : {
				"type" : "Point",
				"coordinates" : [ 103.85276833238656, 1.2937602787541802 ]
			},
			"properties" : {
				"OBJECTID_1" : 2623,
				"POSTAL_CODE" : "179103",
				"BUILDING_NAME" : "Singapore",
				"UNIT_NO" : "01",
				"LEVEL_NO" : "#B1",
				"ROAD_NAME" : "NORTH BRIDGE ROAD",
				"HOUSE_BLK_NO" : "252",
				"PHARMACY_NAME" : "Guardian Pharmacy (Raffles City)",
				"INC_CRC" : "F7358B2C4913F2EE",
				"FMEL_UPD_D" : "20250925154506"
			}
		},
		{
			"type" : "Feature",
			"geometry" : {
				"type" : "Point",
				"coordinates" : [ 103.851379790122, 1.284333920750751 ]
			},
			"properties" : {
				"OBJECTID_1" : 2624,
				"POSTAL_CODE" : "048618",
				"BUILDING_NAME" : "Singapore",
				"UNIT_NO" : "37-40/43-45",
				"LEVEL_NO" : "#B1",
				"ROAD_NAME" : "RAFFLES PLACE",
				"HOUSE_BLK_NO" : "5",
				"PHARMACY_NAME" : "Guardian Pharmacy (Raffles Place MRT 3)",
				"INC_CRC" : "4C002684C5799321",
				"FMEL_UPD_D" : "20250925154506"
			}
		},
		{
			"type" : "Feature",
			"geometry" : {
				"type" : "Point",
				"coordinates" : [ 103.87606765768867, 1.3913930581561316 ]
			},
			"properties" : {
				"OBJECTID_1" : 2625,
				"POSTAL_CODE" : "797653",
				"BUILDING_NAME" : "Singapore",
				"UNIT_NO" : "10/11",
				"LEVEL_NO" : "#B1",
				"ROAD_NAME" : "SENGKANG WEST AVENUE",
				"HOUSE_BLK_NO" : "33",
				"PHARMACY_NAME" : "Guardian Pharmacy (Seletar Mall)",
				"INC_CRC" : "3BD72E3BD3D3DCB4",
				"FMEL_UPD_D" : "20250925154506"
			}
		},
		{
			"type" : "Feature",
			"geometry" : {
				"type" : "Point",
				"coordinates" : [ 103.78270952120583, 1.2939530538648012 ]
			},
			"properties" : {
				"OBJECTID_1" : 2626,
				"POSTAL_CODE" : "119074",
				"BUILDING_NAME" : "Singapore",
				"UNIT_NO" : "01",
				"LEVEL_NO" : "#03",
				"ROAD_NAME" : "LOWER KENT RIDGE ROAD",
				"HOUSE_BLK_NO" : "5",
				"PHARMACY_NAME" : "National University Hospital - Kent Ridge Wing Pharmacy",
				"INC_CRC" : "A27A32B7A7C59A85",
				"FMEL_UPD_D" : "20250925154506"
			}
		},
		{
			"type" : "Feature",
			"geometry" : {
				"type" : "Point",
				"coordinates" : [ 103.74386545497144, 1.335533819151451 ]
			},
			"properties" : {
				"OBJECTID_1" : 2627,
				"POSTAL_CODE" : "609606",
				"BUILDING_NAME" : "Singapore",
				"UNIT_NO" : null,
				"LEVEL_NO" : "#L2",
				"ROAD_NAME" : "JURONG EAST STREET 21",
				"HOUSE_BLK_NO" : "1",
				"PHARMACY_NAME" : "Ng Teng Fong General Hospital Outpatient & Retail Pharmacy",
				"INC_CRC" : "AF1B1F4028988AB3",
				"FMEL_UPD_D" : "20250925154506"
			}
		},
		{
			"type" : "Feature",
			"geometry" : {
				"type" : "Point",
				"coordinates" : [ 103.83150736707516, 1.3058098157266114 ]
			},
			"properties" : {
				"OBJECTID_1" : 2628,
				"POSTAL_CODE" : "238868",
				"BUILDING_NAME" : "Singapore",
				"UNIT_NO" : "00",
				"LEVEL_NO" : "#B1",
				"ROAD_NAME" : "ORCHARD ROAD",
				"HOUSE_BLK_NO" : "350",
				"PHARMACY_NAME" : "Nishino Pharmacy (Shaw House)",
				"INC_CRC" : "73FE9476B1533DB5",
				"FMEL_UPD_D" : "20250925154506"
			}
		},
		{
			"type" : "Feature",
			"geometry" : {
				"type" : "Point",
				"coordinates" : [ 103.83467612926874, 1.3024241655288082 ]
			},
			"properties" : {
				"OBJECTID_1" : 2629,
				"POSTAL_CODE" : "238873",
				"BUILDING_NAME" : "Singapore",
				"UNIT_NO" : "7",
				"LEVEL_NO" : "#B201",
				"ROAD_NAME" : "ORCHARD ROAD",
				"HOUSE_BLK_NO" : "391A",
				"PHARMACY_NAME" : "Nishino Pharmacy (Takashimaya)",
				"INC_CRC" : "8701F4D967BFC77F",
				"FMEL_UPD_D" : "20250925154506"
			}
		},
		{
			"type" : "Feature",
			"geometry" : {
				"type" : "Point",
				"coordinates" : [ 103.82935220186255, 1.3075623635879663 ]
			},
			"properties" : {
				"OBJECTID_1" : 2630,
				"POSTAL_CODE" : "229594",
				"BUILDING_NAME" : "Singapore",
				"UNIT_NO" : "08/09",
				"LEVEL_NO" : "#01",
				"ROAD_NAME" : "CLAYMORE DRIVE",
				"HOUSE_BLK_NO" : "1",
				"PHARMACY_NAME" : "P & L PHARMACY PTE LTD",
				"INC_CRC" : "2D7B75118E27DE90",
				"FMEL_UPD_D" : "20250925154506"
			}
		},
		{
			"type" : "Feature",
			"geometry" : {
				"type" : "Point",
				"coordinates" : [ 103.94930139956836, 1.3394582907116312 ]
			},
			"properties" : {
				"OBJECTID_1" : 2631,
				"POSTAL_CODE" : "529906",
				"BUILDING_NAME" : "Singapore",
				"UNIT_NO" : "00",
				"LEVEL_NO" : "#01",
				"ROAD_NAME" : "SIMEI STREET 3",
				"HOUSE_BLK_NO" : "2A",
				"PHARMACY_NAME" : "PHARMACY @ CGH MEDICAL CENTRE",
				"INC_CRC" : "4AB9804B448649FF",
				"FMEL_UPD_D" : "20250925154506"
			}
		},
		{
			"type" : "Feature",
			"geometry" : {
				"type" : "Point",
				"coordinates" : [ 103.90875686371936, 1.3150882250101108 ]
			},
			"properties" : {
				"OBJECTID_1" : 2632,
				"POSTAL_CODE" : "427990",
				"BUILDING_NAME" : "Singapore",
				"UNIT_NO" : "00",
				"LEVEL_NO" : "#01",
				"ROAD_NAME" : "JOO CHIAT PLACE",
				"HOUSE_BLK_NO" : "321",
				"PHARMACY_NAME" : "Parkway East Hospital Pharmacy",
				"INC_CRC" : "56625619483AD2A8",
				"FMEL_UPD_D" : "20250925154506"
			}
		},
		{
			"type" : "Feature",
			"geometry" : {
				"type" : "Point",
				"coordinates" : [ 103.88334880331543, 1.3815895497997452 ]
			},
			"properties" : {
				"OBJECTID_1" : 2633,
				"POSTAL_CODE" : "539747",
				"BUILDING_NAME" : "Singapore",
				"UNIT_NO" : "00-01",
				"LEVEL_NO" : "#L1",
				"ROAD_NAME" : "BUANGKOK VIEW",
				"HOUSE_BLK_NO" : "10",
				"PHARMACY_NAME" : "Pharmacy Services Centre, NHG (Blk 9)",
				"INC_CRC" : "487069412AB3D9EB",
				"FMEL_UPD_D" : "20250925154506"
			}
		},
		{
			"type" : "Feature",
			"geometry" : {
				"type" : "Point",
				"coordinates" : [ 103.94929439368703, 1.3406847397366655 ]
			},
			"properties" : {
				"OBJECTID_1" : 2634,
				"POSTAL_CODE" : "529889",
				"BUILDING_NAME" : "Singapore",
				"UNIT_NO" : "01",
				"LEVEL_NO" : "#J1",
				"ROAD_NAME" : "SIMEI STREET 3",
				"HOUSE_BLK_NO" : "2",
				"PHARMACY_NAME" : "Pharmacy@IB, CGH (The Integrated Building)",
				"INC_CRC" : "88C04B977D246515",
				"FMEL_UPD_D" : "20250925154506"
			}
		},
		{
			"type" : "Feature",
			"geometry" : {
				"type" : "Point",
				"coordinates" : [ 103.85564565323216, 1.314277686418641 ]
			},
			"properties" : {
				"OBJECTID_1" : 2635,
				"POSTAL_CODE" : "210682",
				"BUILDING_NAME" : "Singapore",
				"UNIT_NO" : "323",
				"LEVEL_NO" : "#01",
				"ROAD_NAME" : "RACE COURSE ROAD",
				"HOUSE_BLK_NO" : "682",
				"PHARMACY_NAME" : "Poisson Pharmacy",
				"INC_CRC" : "1CC3CDB770FA91C1",
				"FMEL_UPD_D" : "20250925154506"
			}
		},
		{
			"type" : "Feature",
			"geometry" : {
				"type" : "Point",
				"coordinates" : [ 103.76353955688062, 1.3251813984273313 ]
			},
			"properties" : {
				"OBJECTID_1" : 2636,
				"POSTAL_CODE" : "129808",
				"BUILDING_NAME" : "Singapore",
				"UNIT_NO" : "02",
				"LEVEL_NO" : "#05",
				"ROAD_NAME" : "CLEMENTI LOOP",
				"HOUSE_BLK_NO" : "1",
				"PHARMACY_NAME" : "Princeton Pharmacy (S) Pte Ltd",
				"INC_CRC" : "5DF5F40A4E0EE7E6",
				"FMEL_UPD_D" : "20250925154506"
			}
		},
		{
			"type" : "Feature",
			"geometry" : {
				"type" : "Point",
				"coordinates" : [ 103.85681290234783, 1.301255712483561 ]
			},
			"properties" : {
				"OBJECTID_1" : 2637,
				"POSTAL_CODE" : "188770",
				"BUILDING_NAME" : "Singapore",
				"UNIT_NO" : "00",
				"LEVEL_NO" : "#01",
				"ROAD_NAME" : "NORTH BRIDGE ROAD",
				"HOUSE_BLK_NO" : "585",
				"PHARMACY_NAME" : "Raffles Health",
				"INC_CRC" : "35E8EE0BF649EF55",
				"FMEL_UPD_D" : "20250925154506"
			}
		},
		{
			"type" : "Feature",
			"geometry" : {
				"type" : "Point",
				"coordinates" : [ 103.8307217776313, 1.2799396824700044 ]
			},
			"properties" : {
				"OBJECTID_1" : 2638,
				"POSTAL_CODE" : "169608",
				"BUILDING_NAME" : "Singapore",
				"UNIT_NO" : "00",
				"LEVEL_NO" : "#01",
				"ROAD_NAME" : "HOSPITAL CRESCENT",
				"HOUSE_BLK_NO" : "1",
				"PHARMACY_NAME" : "SGH BOWYER BLOCK PHARMACY",
				"INC_CRC" : "63AD32BE6D34036D",
				"FMEL_UPD_D" : "20250925154506"
			}
		},
		{
			"type" : "Feature",
			"geometry" : {
				"type" : "Point",
				"coordinates" : [ 103.8307217776313, 1.2799396824700044 ]
			},
			"properties" : {
				"OBJECTID_1" : 2639,
				"POSTAL_CODE" : "169608",
				"BUILDING_NAME" : "Singapore",
				"UNIT_NO" : "00",
				"LEVEL_NO" : "#01",
				"ROAD_NAME" : "HOSPITAL CRESCENT",
				"HOUSE_BLK_NO" : "1",
				"PHARMACY_NAME" : "SGH OUTPATIENT PHARMACY (BLK 3)",
				"INC_CRC" : "63AD32BE0CA119C9",
				"FMEL_UPD_D" : "20250925154506"
			}
		},
		{
			"type" : "Feature",
			"geometry" : {
				"type" : "Point",
				"coordinates" : [ 103.8307217776313, 1.2799396824700044 ]
			},
			"properties" : {
				"OBJECTID_1" : 2640,
				"POSTAL_CODE" : "169608",
				"BUILDING_NAME" : "Singapore",
				"UNIT_NO" : "00",
				"LEVEL_NO" : "#01",
				"ROAD_NAME" : "HOSPITAL DRIVE",
				"HOUSE_BLK_NO" : "1",
				"PHARMACY_NAME" : "SGH Retail Pharmacy (Blk 4)",
				"INC_CRC" : "63AD32BEC96BFA75",
				"FMEL_UPD_D" : "20250925154506"
			}
		},
		{
			"type" : "Feature",
			"geometry" : {
				"type" : "Point",
				"coordinates" : [ 103.83573651914087, 1.2810802514601096 ]
			},
			"properties" : {
				"OBJECTID_1" : 2641,
				"POSTAL_CODE" : "168751",
				"BUILDING_NAME" : "Singapore",
				"UNIT_NO" : "1A",
				"LEVEL_NO" : "#01",
				"ROAD_NAME" : "THIRD HOSPITAL AVENUE",
				"HOUSE_BLK_NO" : "11",
				"PHARMACY_NAME" : "SINGAPORE NATIONAL EYE CENTRE PTE LTD",
				"INC_CRC" : "0982B04745740971",
				"FMEL_UPD_D" : "20250925154506"
			}
		},
		{
			"type" : "Feature",
			"geometry" : {
				"type" : "Point",
				"coordinates" : [ 103.83831505402756, 1.2793314591479037 ]
			},
			"properties" : {
				"OBJECTID_1" : 2642,
				"POSTAL_CODE" : "168937",
				"BUILDING_NAME" : "Singapore",
				"UNIT_NO" : "00",
				"LEVEL_NO" : "#02",
				"ROAD_NAME" : "SECOND HOSPITAL AVENUE",
				"HOUSE_BLK_NO" : "3",
				"PHARMACY_NAME" : "SINGHEALTH POLY-OUTRAM",
				"INC_CRC" : "4FCD7B8BAE27E4AC",
				"FMEL_UPD_D" : "20250925154506"
			}
		},
		{
			"type" : "Feature",
			"geometry" : {
				"type" : "Point",
				"coordinates" : [ 103.81344506757819, 1.287449812881194 ]
			},
			"properties" : {
				"OBJECTID_1" : 2643,
				"POSTAL_CODE" : "151055",
				"BUILDING_NAME" : "Singapore",
				"UNIT_NO" : "405",
				"LEVEL_NO" : "#01",
				"ROAD_NAME" : "LENGKOK BAHRU",
				"HOUSE_BLK_NO" : "55",
				"PHARMACY_NAME" : "SMITH PHARMACY PTE LTD",
				"INC_CRC" : "05798804B12B7447",
				"FMEL_UPD_D" : "20250925154506"
			}
		},
		{
			"type" : "Feature",
			"geometry" : {
				"type" : "Point",
				"coordinates" : [ 103.94875943903573, 1.341776331803934 ]
			},
			"properties" : {
				"OBJECTID_1" : 2644,
				"POSTAL_CODE" : "529895",
				"BUILDING_NAME" : "Singapore",
				"UNIT_NO" : null,
				"LEVEL_NO" : "#01",
				"ROAD_NAME" : "SIMEI STREET 3",
				"HOUSE_BLK_NO" : "8",
				"PHARMACY_NAME" : "ST ANDREW'S COMMUNITY HOSPITAL PHARMACY",
				"INC_CRC" : "F59E0D439E56E9C1",
				"FMEL_UPD_D" : "20250925154506"
			}
		},
		{
			"type" : "Feature",
			"geometry" : {
				"type" : "Point",
				"coordinates" : [ 103.74187762215566, 1.3495360654195405 ]
			},
			"properties" : {
				"OBJECTID_1" : 2645,
				"POSTAL_CODE" : "659674",
				"BUILDING_NAME" : "Singapore",
				"UNIT_NO" : "00",
				"LEVEL_NO" : "#01",
				"ROAD_NAME" : "BUKIT BATOK STREET 11",
				"HOUSE_BLK_NO" : "2",
				"PHARMACY_NAME" : "ST LUKE'S HOSPITAL BLOCK A",
				"INC_CRC" : "74B94CE0CF68B1F8",
				"FMEL_UPD_D" : "20250925154506"
			}
		},
		{
			"type" : "Feature",
			"geometry" : {
				"type" : "Point",
				"coordinates" : [ 103.89300133613051, 1.3942994115894503 ]
			},
			"properties" : {
				"OBJECTID_1" : 2646,
				"POSTAL_CODE" : "544886",
				"BUILDING_NAME" : "Singapore",
				"UNIT_NO" : "00",
				"LEVEL_NO" : "#01",
				"ROAD_NAME" : "SENGKANG EAST WAY",
				"HOUSE_BLK_NO" : "110",
				"PHARMACY_NAME" : "Sengkang General Hospital Outpatient Pharmacy",
				"INC_CRC" : "E1479B04C0BD4FF1",
				"FMEL_UPD_D" : "20250925154506"
			}
		},
		{
			"type" : "Feature",
			"geometry" : {
				"type" : "Point",
				"coordinates" : [ 103.93162062157725, 1.3269849884844858 ]
			},
			"properties" : {
				"OBJECTID_1" : 2647,
				"POSTAL_CODE" : "469662",
				"BUILDING_NAME" : "Singapore",
				"UNIT_NO" : "01",
				"LEVEL_NO" : "#02",
				"ROAD_NAME" : "BEDOK NORTH STREET 1",
				"HOUSE_BLK_NO" : "11",
				"PHARMACY_NAME" : "Singhealth Poly - Bedok",
				"INC_CRC" : "E6D5FB6928AD2C35",
				"FMEL_UPD_D" : "20250925154506"
			}
		},
		{
			"type" : "Feature",
			"geometry" : {
				"type" : "Point",
				"coordinates" : [ 103.81693955318843, 1.2838812078020063 ]
			},
			"properties" : {
				"OBJECTID_1" : 2648,
				"POSTAL_CODE" : "150163",
				"BUILDING_NAME" : "Singapore",
				"UNIT_NO" : "3565 & 3575",
				"LEVEL_NO" : "#04",
				"ROAD_NAME" : "BUKIT MERAH CENTRAL",
				"HOUSE_BLK_NO" : "163",
				"PHARMACY_NAME" : "Singhealth Poly - Bukit Merah",
				"INC_CRC" : "41DC2AA6E1A164EB",
				"FMEL_UPD_D" : "20250925154506"
			}
		},
		{
			"type" : "Feature",
			"geometry" : {
				"type" : "Point",
				"coordinates" : [ 103.90773880031438, 1.3024820188618609 ]
			},
			"properties" : {
				"OBJECTID_1" : 2649,
				"POSTAL_CODE" : "440080",
				"BUILDING_NAME" : "Singapore",
				"UNIT_NO" : "792",
				"LEVEL_NO" : "#01",
				"ROAD_NAME" : "MARINE PARADE CENTRAL",
				"HOUSE_BLK_NO" : "80",
				"PHARMACY_NAME" : "Singhealth Poly - Marine Parade",
				"INC_CRC" : "23FD11A1E966348D",
				"FMEL_UPD_D" : "20250925154506"
			}
		},
		{
			"type" : "Feature",
			"geometry" : {
				"type" : "Point",
				"coordinates" : [ 103.94818493791313, 1.3735029455987717 ]
			},
			"properties" : {
				"OBJECTID_1" : 2650,
				"POSTAL_CODE" : "519466",
				"BUILDING_NAME" : "Singapore",
				"UNIT_NO" : "01",
				"LEVEL_NO" : "#1M",
				"ROAD_NAME" : "PASIR RIS DRIVE 8",
				"HOUSE_BLK_NO" : "6",
				"PHARMACY_NAME" : "Singhealth Poly - Pasir Ris",
				"INC_CRC" : "002B68FD8D44E836",
				"FMEL_UPD_D" : "20250925154506"
			}
		},
		{
			"type" : "Feature",
			"geometry" : {
				"type" : "Point",
				"coordinates" : [ 103.91296243236297, 1.4025958151528584 ]
			},
			"properties" : {
				"OBJECTID_1" : 2651,
				"POSTAL_CODE" : "820681",
				"BUILDING_NAME" : "Singapore",
				"UNIT_NO" : "01",
				"LEVEL_NO" : "#03",
				"ROAD_NAME" : "PUNGGOL DRIVE",
				"HOUSE_BLK_NO" : "681",
				"PHARMACY_NAME" : "Singhealth Poly - Punggol",
				"INC_CRC" : "E8D4D5AFCD49816B",
				"FMEL_UPD_D" : "20250925154506"
			}
		},
		{
			"type" : "Feature",
			"geometry" : {
				"type" : "Point",
				"coordinates" : [ 103.89390610277434, 1.392785585870242 ]
			},
			"properties" : {
				"OBJECTID_1" : 2652,
				"POSTAL_CODE" : "545025",
				"BUILDING_NAME" : "Singapore",
				"UNIT_NO" : "06",
				"LEVEL_NO" : "#01",
				"ROAD_NAME" : "SENGKANG SQUARE",
				"HOUSE_BLK_NO" : "2",
				"PHARMACY_NAME" : "Singhealth Poly - Sengkang",
				"INC_CRC" : "EEB6F7D120DADE0A",
				"FMEL_UPD_D" : "20250925154506"
			}
		},
		{
			"type" : "Feature",
			"geometry" : {
				"type" : "Point",
				"coordinates" : [ 103.94584946666237, 1.3573099581749626 ]
			},
			"properties" : {
				"OBJECTID_1" : 2653,
				"POSTAL_CODE" : "529203",
				"BUILDING_NAME" : "Singapore",
				"UNIT_NO" : "00",
				"LEVEL_NO" : "#01",
				"ROAD_NAME" : "TAMPINES STREET 41",
				"HOUSE_BLK_NO" : "1",
				"PHARMACY_NAME" : "Singhealth Poly - Tampines",
				"INC_CRC" : "836CDAE5CD34F77D",
				"FMEL_UPD_D" : "20250925154506"
			}
		},
		{
			"type" : "Feature",
			"geometry" : {
				"type" : "Point",
				"coordinates" : [ 103.90571066893415, 1.3173277271261974 ]
			},
			"properties" : {
				"OBJECTID_1" : 2654,
				"POSTAL_CODE" : "429400",
				"BUILDING_NAME" : "Singapore",
				"UNIT_NO" : "00",
				"LEVEL_NO" : "#02",
				"ROAD_NAME" : "CHIN CHENG AVENUE",
				"HOUSE_BLK_NO" : "1",
				"PHARMACY_NAME" : "Singhealth Poly-Eunos",
				"INC_CRC" : "984C61D99A45C495",
				"FMEL_UPD_D" : "20250925154506"
			}
		},
		{
			"type" : "Feature",
			"geometry" : {
				"type" : "Point",
				"coordinates" : [ 103.93755631803462, 1.3633110636349612 ]
			},
			"properties" : {
				"OBJECTID_1" : 2655,
				"POSTAL_CODE" : "528566",
				"BUILDING_NAME" : "Singapore",
				"UNIT_NO" : "00",
				"LEVEL_NO" : "#01",
				"ROAD_NAME" : "TAMPINES STREET 61",
				"HOUSE_BLK_NO" : "35",
				"PHARMACY_NAME" : "Singhealth Poly-Tampines North",
				"INC_CRC" : "04CFC7A0A5296E86",
				"FMEL_UPD_D" : "20250925154506"
			}
		},
		{
			"type" : "Feature",
			"geometry" : {
				"type" : "Point",
				"coordinates" : [ 103.79179265978065, 1.3038161421480772 ]
			},
			"properties" : {
				"OBJECTID_1" : 2656,
				"POSTAL_CODE" : "138668",
				"BUILDING_NAME" : "Singapore",
				"UNIT_NO" : "05",
				"LEVEL_NO" : "#01",
				"ROAD_NAME" : "BIOPOLIS WAY",
				"HOUSE_BLK_NO" : "20",
				"PHARMACY_NAME" : "Specialist Compounding Pharmacy Pte Ltd",
				"INC_CRC" : "163CE28668F53DE4",
				"FMEL_UPD_D" : "20250925154506"
			}
		},
		{
			"type" : "Feature",
			"geometry" : {
				"type" : "Point",
				"coordinates" : [ 103.84538901427476, 1.321715976728125 ]
			},
			"properties" : {
				"OBJECTID_1" : 2657,
				"POSTAL_CODE" : "308433",
				"BUILDING_NAME" : "Singapore",
				"UNIT_NO" : "00",
				"LEVEL_NO" : "#B1",
				"ROAD_NAME" : "JALAN TAN TOCK SENG",
				"HOUSE_BLK_NO" : "11",
				"PHARMACY_NAME" : "TAN TOCK SENG HOSPITAL PTE LTD (EMERGENCY PHARMACY)",
				"INC_CRC" : "E022068D196BA1F0",
				"FMEL_UPD_D" : "20250925154506"
			}
		},
		{
			"type" : "Feature",
			"geometry" : {
				"type" : "Point",
				"coordinates" : [ 103.8471820312562, 1.3723185929397397 ]
			},
			"properties" : {
				"OBJECTID_1" : 2658,
				"POSTAL_CODE" : "560723",
				"BUILDING_NAME" : "Singapore",
				"UNIT_NO" : "00",
				"LEVEL_NO" : "#01",
				"ROAD_NAME" : "ANG MO KIO AVENUE 8",
				"HOUSE_BLK_NO" : "723",
				"PHARMACY_NAME" : "Tan Tock Seng Hospital (Ang Mo Kio Specialist Centre)",
				"INC_CRC" : "D55D84D2F6193821",
				"FMEL_UPD_D" : "20250925154506"
			}
		},
		{
			"type" : "Feature",
			"geometry" : {
				"type" : "Point",
				"coordinates" : [ 103.86545265907552, 1.3641432338060402 ]
			},
			"properties" : {
				"OBJECTID_1" : 2659,
				"POSTAL_CODE" : "555962",
				"BUILDING_NAME" : "Singapore",
				"UNIT_NO" : "00",
				"LEVEL_NO" : "#00",
				"ROAD_NAME" : "SERANGOON GARDEN WAY",
				"HOUSE_BLK_NO" : "66",
				"PHARMACY_NAME" : "Guardian Pharmacy (Serangoon Garden)",
				"INC_CRC" : "C09291D7FB051A83",
				"FMEL_UPD_D" : "20250925154506"
			}
		},
		{
			"type" : "Feature",
			"geometry" : {
				"type" : "Point",
				"coordinates" : [ 103.87170454944983, 1.3504381717743235 ]
			},
			"properties" : {
				"OBJECTID_1" : 2660,
				"POSTAL_CODE" : "556083",
				"BUILDING_NAME" : "Singapore",
				"UNIT_NO" : "62/63",
				"LEVEL_NO" : "#B1",
				"ROAD_NAME" : "SERANGOON CENTRAL",
				"HOUSE_BLK_NO" : "23",
				"PHARMACY_NAME" : "Guardian Pharmacy (Serangoon NEX)",
				"INC_CRC" : "0D7832C154FA6FF5",
				"FMEL_UPD_D" : "20250925154506"
			}
		},
		{
			"type" : "Feature",
			"geometry" : {
				"type" : "Point",
				"coordinates" : [ 103.78821453133682, 1.3068488176343982 ]
			},
			"properties" : {
				"OBJECTID_1" : 2661,
				"POSTAL_CODE" : "138617",
				"BUILDING_NAME" : "Singapore",
				"UNIT_NO" : "16",
				"LEVEL_NO" : "#B1",
				"ROAD_NAME" : "VISTA EXCHANGE GREEN",
				"HOUSE_BLK_NO" : "1",
				"PHARMACY_NAME" : "Guardian Pharmacy (Star Vista)",
				"INC_CRC" : "ECF254E1F00374BC",
				"FMEL_UPD_D" : "20250925154506"
			}
		},
		{
			"type" : "Feature",
			"geometry" : {
				"type" : "Point",
				"coordinates" : [ 103.81946210452817, 1.4482265318426166 ]
			},
			"properties" : {
				"OBJECTID_1" : 2662,
				"POSTAL_CODE" : "757713",
				"BUILDING_NAME" : "Singapore",
				"UNIT_NO" : "11",
				"LEVEL_NO" : "#B1",
				"ROAD_NAME" : "SEMBAWANG DRIVE",
				"HOUSE_BLK_NO" : "30",
				"PHARMACY_NAME" : "Guardian Pharmacy (Sun Plaza 2)",
				"INC_CRC" : "202A3145902E69A0",
				"FMEL_UPD_D" : "20250925154506"
			}
		},
		{
			"type" : "Feature",
			"geometry" : {
				"type" : "Point",
				"coordinates" : [ 103.83467612926874, 1.3024241655288082 ]
			},
			"properties" : {
				"OBJECTID_1" : 2663,
				"POSTAL_CODE" : "238872",
				"BUILDING_NAME" : "Singapore",
				"UNIT_NO" : "15-23",
				"LEVEL_NO" : "#B2",
				"ROAD_NAME" : "ORCHARD ROAD",
				"HOUSE_BLK_NO" : "391",
				"PHARMACY_NAME" : "Guardian Pharmacy (Takashimaya S. C. )",
				"INC_CRC" : "8701F4D91A480D82",
				"FMEL_UPD_D" : "20250925154506"
			}
		},
		{
			"type" : "Feature",
			"geometry" : {
				"type" : "Point",
				"coordinates" : [ 103.9449587042453, 1.353547423242533 ]
			},
			"properties" : {
				"OBJECTID_1" : 2664,
				"POSTAL_CODE" : "529538",
				"BUILDING_NAME" : "Singapore",
				"UNIT_NO" : "01",
				"LEVEL_NO" : "#01",
				"ROAD_NAME" : "TAMPINES CENTRAL 1",
				"HOUSE_BLK_NO" : "20",
				"PHARMACY_NAME" : "Guardian Pharmacy (Tampines MRT)",
				"INC_CRC" : "231E11F2DCDA5ECC",
				"FMEL_UPD_D" : "20250925154506"
			}
		},
		{
			"type" : "Feature",
			"geometry" : {
				"type" : "Point",
				"coordinates" : [ 103.94438798732376, 1.3526723159069935 ]
			},
			"properties" : {
				"OBJECTID_1" : 2665,
				"POSTAL_CODE" : "529510",
				"BUILDING_NAME" : "Singapore",
				"UNIT_NO" : "18/19",
				"LEVEL_NO" : "#B1",
				"ROAD_NAME" : "TAMPINES CENTRAL 5",
				"HOUSE_BLK_NO" : "4",
				"PHARMACY_NAME" : "Guardian Pharmacy (Tampines Mall)",
				"INC_CRC" : "30EA1FA45C0D6CFB",
				"FMEL_UPD_D" : "20250925154506"
			}
		},
		{
			"type" : "Feature",
			"geometry" : {
				"type" : "Point",
				"coordinates" : [ 103.82385280098454, 1.3048434322131555 ]
			},
			"properties" : {
				"OBJECTID_1" : 2666,
				"POSTAL_CODE" : "247933",
				"BUILDING_NAME" : "Singapore",
				"UNIT_NO" : "121/122",
				"LEVEL_NO" : "#01",
				"ROAD_NAME" : "TANGLIN ROAD",
				"HOUSE_BLK_NO" : "163",
				"PHARMACY_NAME" : "Guardian Pharmacy (Tanglin Mall)",
				"INC_CRC" : "E9EFD3D14B714A48",
				"FMEL_UPD_D" : "20250925154506"
			}
		},
		{
			"type" : "Feature",
			"geometry" : {
				"type" : "Point",
				"coordinates" : [ 103.98516965326814, 1.3543707361736141 ]
			},
			"properties" : {
				"OBJECTID_1" : 2667,
				"POSTAL_CODE" : "819663",
				"BUILDING_NAME" : "Singapore",
				"UNIT_NO" : "66",
				"LEVEL_NO" : "#02",
				"ROAD_NAME" : "AIRPORT BOULEVARD",
				"HOUSE_BLK_NO" : "65",
				"PHARMACY_NAME" : "Guardian Pharmacy (Terminal 3 Transit Lounge North )",
				"INC_CRC" : "1A6E905CBCCDB1EB",
				"FMEL_UPD_D" : "20250925154506"
			}
		},
		{
			"type" : "Feature",
			"geometry" : {
				"type" : "Point",
				"coordinates" : [ 103.83975902780261, 1.3019783664011155 ]
			},
			"properties" : {
				"OBJECTID_1" : 2668,
				"POSTAL_CODE" : "238843",
				"BUILDING_NAME" : "Singapore",
				"UNIT_NO" : "01/02/03/04",
				"LEVEL_NO" : "#B1",
				"ROAD_NAME" : "ORCHARD ROAD",
				"HOUSE_BLK_NO" : "176",
				"PHARMACY_NAME" : "Guardian Pharmacy (The Centrepoint)",
				"INC_CRC" : "69D157AEA297A84B",
				"FMEL_UPD_D" : "20250925154506"
			}
		},
		{
			"type" : "Feature",
			"geometry" : {
				"type" : "Point",
				"coordinates" : [ 103.87167001564892, 1.3387306540844819 ]
			},
			"properties" : {
				"OBJECTID_1" : 2669,
				"POSTAL_CODE" : "367803",
				"BUILDING_NAME" : "Singapore",
				"UNIT_NO" : "36",
				"LEVEL_NO" : "#B1",
				"ROAD_NAME" : "BIDADARI PARK DRIVE",
				"HOUSE_BLK_NO" : "11",
				"PHARMACY_NAME" : "Guardian Pharmacy (The Woodleigh Mall)",
				"INC_CRC" : "F944ECDC3FF736A8",
				"FMEL_UPD_D" : "20250925154506"
			}
		},
		{
			"type" : "Feature",
			"geometry" : {
				"type" : "Point",
				"coordinates" : [ 103.83091978573026, 1.354669018820504 ]
			},
			"properties" : {
				"OBJECTID_1" : 2670,
				"POSTAL_CODE" : "574408",
				"BUILDING_NAME" : "Singapore",
				"UNIT_NO" : "28",
				"LEVEL_NO" : "#03",
				"ROAD_NAME" : "UPPER THOMSON ROAD",
				"HOUSE_BLK_NO" : "301",
				"PHARMACY_NAME" : "Guardian Pharmacy (Thomson)",
				"INC_CRC" : "017D965E1EB49131",
				"FMEL_UPD_D" : "20250925154506"
			}
		},
		{
			"type" : "Feature",
			"geometry" : {
				"type" : "Point",
				"coordinates" : [ 103.82693508428727, 1.286463453186875 ]
			},
			"properties" : {
				"OBJECTID_1" : 2671,
				"POSTAL_CODE" : "168732",
				"BUILDING_NAME" : "Singapore",
				"UNIT_NO" : "125",
				"LEVEL_NO" : "#B1",
				"ROAD_NAME" : "TIONG BAHRU ROAD",
				"HOUSE_BLK_NO" : "302",
				"PHARMACY_NAME" : "Guardian Pharmacy (Tiong Bahru Plaza)",
				"INC_CRC" : "529D5820D26CEFE7",
				"FMEL_UPD_D" : "20250925154506"
			}
		},
		{
			"type" : "Feature",
			"geometry" : {
				"type" : "Point",
				"coordinates" : [ 103.84796542521939, 1.3329756209903534 ]
			},
			"properties" : {
				"OBJECTID_1" : 2672,
				"POSTAL_CODE" : "310190",
				"BUILDING_NAME" : "Singapore",
				"UNIT_NO" : "578",
				"LEVEL_NO" : "#01",
				"ROAD_NAME" : "LORONG 6 TOA PAYOH",
				"HOUSE_BLK_NO" : "190",
				"PHARMACY_NAME" : "Guardian Pharmacy (Toa Payoh Blk 190)",
				"INC_CRC" : "886D416B6A1FE4A1",
				"FMEL_UPD_D" : "20250925154506"
			}
		},
		{
			"type" : "Feature",
			"geometry" : {
				"type" : "Point",
				"coordinates" : [ 103.84346318597655, 1.3173346298740727 ]
			},
			"properties" : {
				"OBJECTID_1" : 2673,
				"POSTAL_CODE" : "307591",
				"BUILDING_NAME" : "Singapore",
				"UNIT_NO" : "28",
				"LEVEL_NO" : "#B1",
				"ROAD_NAME" : "THOMSON ROAD",
				"HOUSE_BLK_NO" : "101",
				"PHARMACY_NAME" : "Guardian Pharmacy (United Square 2)",
				"INC_CRC" : "1C1585B0D79CADBC",
				"FMEL_UPD_D" : "20250925154506"
			}
		},
		{
			"type" : "Feature",
			"geometry" : {
				"type" : "Point",
				"coordinates" : [ 103.82158925490758, 1.263895802318296 ]
			},
			"properties" : {
				"OBJECTID_1" : 2674,
				"POSTAL_CODE" : "098585",
				"BUILDING_NAME" : "Singapore",
				"UNIT_NO" : "79",
				"LEVEL_NO" : "#02",
				"ROAD_NAME" : "HARBOURFRONT WALK",
				"HOUSE_BLK_NO" : "1",
				"PHARMACY_NAME" : "Guardian Pharmacy (Vivo)",
				"INC_CRC" : "5751731750C16A9B",
				"FMEL_UPD_D" : "20250925154506"
			}
		},
		{
			"type" : "Feature",
			"geometry" : {
				"type" : "Point",
				"coordinates" : [ 103.93199988774926, 1.3721016962778267 ]
			},
			"properties" : {
				"OBJECTID_1" : 2675,
				"POSTAL_CODE" : "528765",
				"BUILDING_NAME" : "Singapore",
				"UNIT_NO" : "01",
				"LEVEL_NO" : "#01",
				"ROAD_NAME" : "TAMPINES NORTH DRIVE 2",
				"HOUSE_BLK_NO" : "21",
				"PHARMACY_NAME" : "Guardian Pharmacy (WRS)",
				"INC_CRC" : "8D7734749B450585",
				"FMEL_UPD_D" : "20250925154506"
			}
		},
		{
			"type" : "Feature",
			"geometry" : {
				"type" : "Point",
				"coordinates" : [ 103.74902198003052, 1.3501891598296667 ]
			},
			"properties" : {
				"OBJECTID_1" : 2676,
				"POSTAL_CODE" : "658713",
				"BUILDING_NAME" : "Singapore",
				"UNIT_NO" : "27",
				"LEVEL_NO" : "#01",
				"ROAD_NAME" : "BUKIT BATOK CENTRAL LINK",
				"HOUSE_BLK_NO" : "1",
				"PHARMACY_NAME" : "Guardian Pharmacy (West Mall)",
				"INC_CRC" : "ABBDF399DDB8F95D",
				"FMEL_UPD_D" : "20250925154506"
			}
		},
		{
			"type" : "Feature",
			"geometry" : {
				"type" : "Point",
				"coordinates" : [ 103.94971570233616, 1.3724498161424086 ]
			},
			"properties" : {
				"OBJECTID_1" : 2677,
				"POSTAL_CODE" : "518457",
				"BUILDING_NAME" : "Singapore",
				"UNIT_NO" : "12",
				"LEVEL_NO" : "#01",
				"ROAD_NAME" : "PASIR RIS CENTRAL STREET 3",
				"HOUSE_BLK_NO" : "1",
				"PHARMACY_NAME" : "Guardian Pharmacy (White Sands Mall)",
				"INC_CRC" : "F256D9861433BEE1",
				"FMEL_UPD_D" : "20250925154506"
			}
		},
		{
			"type" : "Feature",
			"geometry" : {
				"type" : "Point",
				"coordinates" : [ 103.74732971919724, 1.3971288601440406 ]
			},
			"properties" : {
				"OBJECTID_1" : 2678,
				"POSTAL_CODE" : "689715",
				"BUILDING_NAME" : "Singapore",
				"UNIT_NO" : "02A",
				"LEVEL_NO" : "#01",
				"ROAD_NAME" : "CHOA CHU KANG DRIVE",
				"HOUSE_BLK_NO" : "61",
				"PHARMACY_NAME" : "Guardian Pharmacy (Yew Tee MRT)",
				"INC_CRC" : "716F07E53FB77926",
				"FMEL_UPD_D" : "20250925154506"
			}
		},
		{
			"type" : "Feature",
			"geometry" : {
				"type" : "Point",
				"coordinates" : [ 103.90504393428338, 1.3052230558334037 ]
			},
			"properties" : {
				"OBJECTID_1" : 2679,
				"POSTAL_CODE" : "428802",
				"BUILDING_NAME" : "Singapore",
				"UNIT_NO" : "15/16",
				"LEVEL_NO" : "#B1",
				"ROAD_NAME" : "EAST COAST ROAD",
				"HOUSE_BLK_NO" : "112",
				"PHARMACY_NAME" : "Guardian Pharmacy (i12 Katong )",
				"INC_CRC" : "E1DCF4F7584EEAC5",
				"FMEL_UPD_D" : "20250925154506"
			}
		},
		{
			"type" : "Feature",
			"geometry" : {
				"type" : "Point",
				"coordinates" : [ 103.8307217776313, 1.2799396824700044 ]
			},
			"properties" : {
				"OBJECTID_1" : 2680,
				"POSTAL_CODE" : "169608",
				"BUILDING_NAME" : "Singapore",
				"UNIT_NO" : "00",
				"LEVEL_NO" : "#02",
				"ROAD_NAME" : "HOSPITAL CRESCENT",
				"HOUSE_BLK_NO" : "1",
				"PHARMACY_NAME" : "Haematology Pharmacy (Block 7)",
				"INC_CRC" : "63AD32BE3485799B",
				"FMEL_UPD_D" : "20250925154506"
			}
		},
		{
			"type" : "Feature",
			"geometry" : {
				"type" : "Point",
				"coordinates" : [ 103.84035593854614, 1.3840194553587022 ]
			},
			"properties" : {
				"OBJECTID_1" : 2681,
				"POSTAL_CODE" : "569766",
				"BUILDING_NAME" : "Singapore",
				"UNIT_NO" : "00",
				"LEVEL_NO" : "#01",
				"ROAD_NAME" : "ANG MO KIO AVENUE 9",
				"HOUSE_BLK_NO" : "17",
				"PHARMACY_NAME" : "Healing Hub @ Ang Mo Kio - Thye Hua Kwan Hospital",
				"INC_CRC" : "AE8FE734E49721E6",
				"FMEL_UPD_D" : "20250925154506"
			}
		},
		{
			"type" : "Feature",
			"geometry" : {
				"type" : "Point",
				"coordinates" : [ 103.74386545497144, 1.335533819151451 ]
			},
			"properties" : {
				"OBJECTID_1" : 2682,
				"POSTAL_CODE" : "609606",
				"BUILDING_NAME" : "Singapore",
				"UNIT_NO" : "01",
				"LEVEL_NO" : "#01",
				"ROAD_NAME" : "JURONG EAST STREET 21",
				"HOUSE_BLK_NO" : "1",
				"PHARMACY_NAME" : "Jurong Community Hospital Pharmacy",
				"INC_CRC" : "AF1B1F40E80FFD52",
				"FMEL_UPD_D" : "20250925154506"
			}
		},
		{
			"type" : "Feature",
			"geometry" : {
				"type" : "Point",
				"coordinates" : [ 103.70445268530443, 1.3404695641247493 ]
			},
			"properties" : {
				"OBJECTID_1" : 2683,
				"POSTAL_CODE" : "648346",
				"BUILDING_NAME" : "Singapore",
				"UNIT_NO" : "08",
				"LEVEL_NO" : "#01",
				"ROAD_NAME" : "JURONG WEST CENTRAL 3",
				"HOUSE_BLK_NO" : "60",
				"PHARMACY_NAME" : "Jurong Medical Centre Pharmacy",
				"INC_CRC" : "79E1120C992A283A",
				"FMEL_UPD_D" : "20250925154506"
			}
		},
		{
			"type" : "Feature",
			"geometry" : {
				"type" : "Point",
				"coordinates" : [ 103.84665008135974, 1.3104485270984874 ]
			},
			"properties" : {
				"OBJECTID_1" : 2684,
				"POSTAL_CODE" : "229899",
				"BUILDING_NAME" : "Singapore",
				"UNIT_NO" : "0V92A",
				"LEVEL_NO" : "#B1",
				"ROAD_NAME" : "BUKIT TIMAH ROAD",
				"HOUSE_BLK_NO" : "100",
				"PHARMACY_NAME" : "KK Emergency Pharmacy",
				"INC_CRC" : "08C7F03493E6606E",
				"FMEL_UPD_D" : "20250925154506"
			}
		},
		{
			"type" : "Feature",
			"geometry" : {
				"type" : "Point",
				"coordinates" : [ 103.84665008135974, 1.3104485270984874 ]
			},
			"properties" : {
				"OBJECTID_1" : 2685,
				"POSTAL_CODE" : "229899",
				"BUILDING_NAME" : "Singapore",
				"UNIT_NO" : "1R20A",
				"LEVEL_NO" : "#01",
				"ROAD_NAME" : "BUKIT TIMAH ROAD",
				"HOUSE_BLK_NO" : "100",
				"PHARMACY_NAME" : "KK Outpatient Pharmacy",
				"INC_CRC" : "08C7F0342BA9B67A",
				"FMEL_UPD_D" : "20250925154506"
			}
		},
		{
			"type" : "Feature",
			"geometry" : {
				"type" : "Point",
				"coordinates" : [ 103.83785367235345, 1.4238775983317933 ]
			},
			"properties" : {
				"OBJECTID_1" : 2686,
				"POSTAL_CODE" : "768828",
				"BUILDING_NAME" : "Singapore",
				"UNIT_NO" : "TOWER C",
				"LEVEL_NO" : "#LVL 1",
				"ROAD_NAME" : "YISHUN CENTRAL",
				"HOUSE_BLK_NO" : "90",
				"PHARMACY_NAME" : "Khoo Teck Puat Hospital Pharmacy",
				"INC_CRC" : "37030E94D04DE427",
				"FMEL_UPD_D" : "20250925154506"
			}
		},
		{
			"type" : "Feature",
			"geometry" : {
				"type" : "Point",
				"coordinates" : [ 103.74782227017751, 1.352015174812025 ]
			},
			"properties" : {
				"OBJECTID_1" : 2712,
				"POSTAL_CODE" : "659164",
				"BUILDING_NAME" : "Singapore",
				"UNIT_NO" : "00",
				"LEVEL_NO" : "#01",
				"ROAD_NAME" : "BUKIT BATOK WEST AVENUE 3",
				"HOUSE_BLK_NO" : "50",
				"PHARMACY_NAME" : "National University Health System Pharmacy (Bukit Batok)",
				"INC_CRC" : "6FF488E0D1DDC237",
				"FMEL_UPD_D" : "20250925154506"
			}
		},
		{
			"type" : "Feature",
			"geometry" : {
				"type" : "Point",
				"coordinates" : [ 103.76016645293414, 1.3827125369840436 ]
			},
			"properties" : {
				"OBJECTID_1" : 2713,
				"POSTAL_CODE" : "677726",
				"BUILDING_NAME" : "Singapore",
				"UNIT_NO" : "00",
				"LEVEL_NO" : "#04",
				"ROAD_NAME" : "WOODLANDS ROAD",
				"HOUSE_BLK_NO" : "50",
				"PHARMACY_NAME" : "National University Health System Pharmacy (Bukit Panjang)",
				"INC_CRC" : "E06B9CFCFC5C37ED",
				"FMEL_UPD_D" : "20250925154506"
			}
		},
		{
			"type" : "Feature",
			"geometry" : {
				"type" : "Point",
				"coordinates" : [ 103.75077687240429, 1.3823413857127425 ]
			},
			"properties" : {
				"OBJECTID_1" : 2714,
				"POSTAL_CODE" : "688846",
				"BUILDING_NAME" : "Singapore",
				"UNIT_NO" : "00",
				"LEVEL_NO" : "#01",
				"ROAD_NAME" : "TECK WHYE CRESCENT",
				"HOUSE_BLK_NO" : "2",
				"PHARMACY_NAME" : "National University Health System Pharmacy (Choa Chu Kang)",
				"INC_CRC" : "4BB4062F44E3E289",
				"FMEL_UPD_D" : "20250925154506"
			}
		},
		{
			"type" : "Feature",
			"geometry" : {
				"type" : "Point",
				"coordinates" : [ 103.76547650435839, 1.3124810823684312 ]
			},
			"properties" : {
				"OBJECTID_1" : 2715,
				"POSTAL_CODE" : "120451",
				"BUILDING_NAME" : "Singapore",
				"UNIT_NO" : "307",
				"LEVEL_NO" : "#02",
				"ROAD_NAME" : "CLEMENTI AVENUE 3",
				"HOUSE_BLK_NO" : "451",
				"PHARMACY_NAME" : "National University Health System Pharmacy (Clementi)",
				"INC_CRC" : "D5E15CC562E4BAFC",
				"FMEL_UPD_D" : "20250925154506"
			}
		},
		{
			"type" : "Feature",
			"geometry" : {
				"type" : "Point",
				"coordinates" : [ 103.73071787343179, 1.349719789129868 ]
			},
			"properties" : {
				"OBJECTID_1" : 2716,
				"POSTAL_CODE" : "609788",
				"BUILDING_NAME" : "Singapore",
				"UNIT_NO" : "00",
				"LEVEL_NO" : "#01",
				"ROAD_NAME" : "JURONG EAST AVENUE 1",
				"HOUSE_BLK_NO" : "190",
				"PHARMACY_NAME" : "National University Health System Pharmacy (Jurong)",
				"INC_CRC" : "F68BAB3F763886E9",
				"FMEL_UPD_D" : "20250925154506"
			}
		},
		{
			"type" : "Feature",
			"geometry" : {
				"type" : "Point",
				"coordinates" : [ 103.86226001359081, 1.3023475357126706 ]
			},
			"properties" : {
				"OBJECTID_1" : 2687,
				"POSTAL_CODE" : "199597",
				"BUILDING_NAME" : "Singapore",
				"UNIT_NO" : "12",
				"LEVEL_NO" : "#B1",
				"ROAD_NAME" : "BEACH ROAD",
				"HOUSE_BLK_NO" : "371",
				"PHARMACY_NAME" : "MANAPHARMA PHARMACY",
				"INC_CRC" : "93F64E7B56885D16",
				"FMEL_UPD_D" : "20250925154506"
			}
		},
		{
			"type" : "Feature",
			"geometry" : {
				"type" : "Point",
				"coordinates" : [ 103.86118860801476, 1.3081174839048402 ]
			},
			"properties" : {
				"OBJECTID_1" : 2688,
				"POSTAL_CODE" : "200803",
				"BUILDING_NAME" : "Singapore",
				"UNIT_NO" : "182",
				"LEVEL_NO" : "#02",
				"ROAD_NAME" : "KING GEORGE'S AVENUE",
				"HOUSE_BLK_NO" : "803",
				"PHARMACY_NAME" : "MEDI-LINK PHARMACY",
				"INC_CRC" : "7FC290B75DE0F291",
				"FMEL_UPD_D" : "20250925154506"
			}
		},
		{
			"type" : "Feature",
			"geometry" : {
				"type" : "Point",
				"coordinates" : [ 103.8550020597269, 1.3105349220497577 ]
			},
			"properties" : {
				"OBJECTID_1" : 2689,
				"POSTAL_CODE" : "207704",
				"BUILDING_NAME" : "Singapore",
				"UNIT_NO" : "00",
				"LEVEL_NO" : "#01",
				"ROAD_NAME" : "SYED ALWI ROAD",
				"HOUSE_BLK_NO" : "145",
				"PHARMACY_NAME" : "MOHAMED MUSTAFA & SAMSUDDIN CO PTE LTD (MUSTAFA CENTRE)",
				"INC_CRC" : "BCCC1043898D41D7",
				"FMEL_UPD_D" : "20250925154506"
			}
		},
		{
			"type" : "Feature",
			"geometry" : {
				"type" : "Point",
				"coordinates" : [ 103.84421238557309, 1.3221400505257639 ]
			},
			"properties" : {
				"OBJECTID_1" : 2690,
				"POSTAL_CODE" : "329563",
				"BUILDING_NAME" : "Singapore",
				"UNIT_NO" : "00",
				"LEVEL_NO" : "#04",
				"ROAD_NAME" : "IRRAWADDY ROAD",
				"HOUSE_BLK_NO" : "38",
				"PHARMACY_NAME" : "MOUNT ELIZABETH NOVENA HOSPITAL PHARMACY",
				"INC_CRC" : "5BF6813DD7845822",
				"FMEL_UPD_D" : "20250925154506"
			}
		},
		{
			"type" : "Feature",
			"geometry" : {
				"type" : "Point",
				"coordinates" : [ 103.83752432873757, 1.341809692811674 ]
			},
			"properties" : {
				"OBJECTID_1" : 2691,
				"POSTAL_CODE" : "574623",
				"BUILDING_NAME" : "Singapore",
				"UNIT_NO" : "00",
				"LEVEL_NO" : "#01",
				"ROAD_NAME" : "THOMSON ROAD",
				"HOUSE_BLK_NO" : "820",
				"PHARMACY_NAME" : "MT ALVERNIA HOSPITAL RETAIL PHARMACY",
				"INC_CRC" : "B7F32FFE59FA9AEF",
				"FMEL_UPD_D" : "20250925154506"
			}
		},
		{
			"type" : "Feature",
			"geometry" : {
				"type" : "Point",
				"coordinates" : [ 103.85650810187262, 1.3090646937114674 ]
			},
			"properties" : {
				"OBJECTID_1" : 2692,
				"POSTAL_CODE" : "207713",
				"BUILDING_NAME" : "Singapore",
				"UNIT_NO" : "00",
				"LEVEL_NO" : "#01",
				"ROAD_NAME" : "SYED ALWI ROAD",
				"HOUSE_BLK_NO" : "171",
				"PHARMACY_NAME" : "MUSTAFA PHARMACY",
				"INC_CRC" : "9766B269AB23E268",
				"FMEL_UPD_D" : "20250925154506"
			}
		},
		{
			"type" : "Feature",
			"geometry" : {
				"type" : "Point",
				"coordinates" : [ 103.83752432873757, 1.341809692811674 ]
			},
			"properties" : {
				"OBJECTID_1" : 2693,
				"POSTAL_CODE" : "574623",
				"BUILDING_NAME" : "Singapore",
				"UNIT_NO" : "29",
				"LEVEL_NO" : "#02",
				"ROAD_NAME" : "THOMSON ROAD",
				"HOUSE_BLK_NO" : "820",
				"PHARMACY_NAME" : "Mount Alvernia Hospital (Main Pharmacy)",
				"INC_CRC" : "B7F32FFE0A1565BF",
				"FMEL_UPD_D" : "20250925154506"
			}
		},
		{
			"type" : "Feature",
			"geometry" : {
				"type" : "Point",
				"coordinates" : [ 103.83752432873757, 1.341809692811674 ]
			},
			"properties" : {
				"OBJECTID_1" : 2694,
				"POSTAL_CODE" : "574623",
				"BUILDING_NAME" : "Singapore",
				"UNIT_NO" : "01",
				"LEVEL_NO" : "#02",
				"ROAD_NAME" : "THOMSON ROAD",
				"HOUSE_BLK_NO" : "820",
				"PHARMACY_NAME" : "Mount Alvernia Hospital, St Anne Mother & Child Centre Pharmacy",
				"INC_CRC" : "B7F32FFE9402A5FD",
				"FMEL_UPD_D" : "20250925154506"
			}
		},
		{
			"type" : "Feature",
			"geometry" : {
				"type" : "Point",
				"coordinates" : [ 103.83543294616747, 1.3051548655068184 ]
			},
			"properties" : {
				"OBJECTID_1" : 2695,
				"POSTAL_CODE" : "228510",
				"BUILDING_NAME" : "Singapore",
				"UNIT_NO" : "00",
				"LEVEL_NO" : "#02",
				"ROAD_NAME" : "MOUNT ELIZABETH",
				"HOUSE_BLK_NO" : "3",
				"PHARMACY_NAME" : "Mount Elizabeth Hospital",
				"INC_CRC" : "5F5B3A2907A9F53C",
				"FMEL_UPD_D" : "20250925154506"
			}
		},
		{
			"type" : "Feature",
			"geometry" : {
				"type" : "Point",
				"coordinates" : [ 103.83595441850125, 1.27863260198985 ]
			},
			"properties" : {
				"OBJECTID_1" : 2696,
				"POSTAL_CODE" : "169609",
				"BUILDING_NAME" : "Singapore",
				"UNIT_NO" : "00",
				"LEVEL_NO" : "#02",
				"ROAD_NAME" : "HOSPITAL DRIVE",
				"HOUSE_BLK_NO" : "5",
				"PHARMACY_NAME" : "NATIONAL HEART CENTRE PHARMACY",
				"INC_CRC" : "DA7DD46613111814",
				"FMEL_UPD_D" : "20250925154506"
			}
		},
		{
			"type" : "Feature",
			"geometry" : {
				"type" : "Point",
				"coordinates" : [ 103.78408401569463, 1.2927743133923038 ]
			},
			"properties" : {
				"OBJECTID_1" : 2697,
				"POSTAL_CODE" : "119082",
				"BUILDING_NAME" : "Singapore",
				"UNIT_NO" : "00",
				"LEVEL_NO" : "#03",
				"ROAD_NAME" : "LOWER KENT RIDGE ROAD",
				"HOUSE_BLK_NO" : "1",
				"PHARMACY_NAME" : "NATIONAL UNIVERSITY HOSPITAL(S) PTE LTD (MEDICAL CENTRE PHARMACY)",
				"INC_CRC" : "C1403E370BFD5A56",
				"FMEL_UPD_D" : "20250925154506"
			}
		},
		{
			"type" : "Feature",
			"geometry" : {
				"type" : "Point",
				"coordinates" : [ 103.88334880331543, 1.3815895497997452 ]
			},
			"properties" : {
				"OBJECTID_1" : 2698,
				"POSTAL_CODE" : "539747",
				"BUILDING_NAME" : "Singapore",
				"UNIT_NO" : "BLK 9",
				"LEVEL_NO" : "#B1",
				"ROAD_NAME" : "BUANGKOK VIEW",
				"HOUSE_BLK_NO" : "10",
				"PHARMACY_NAME" : "National Addiction Management Services (NAMS) Clinic Pharmacy",
				"INC_CRC" : "4870694177953161",
				"FMEL_UPD_D" : "20250925154506"
			}
		},
		{
			"type" : "Feature",
			"geometry" : {
				"type" : "Point",
				"coordinates" : [ 103.83780313852131, 1.2810764042155913 ]
			},
			"properties" : {
				"OBJECTID_1" : 2699,
				"POSTAL_CODE" : "168583",
				"BUILDING_NAME" : "Singapore",
				"UNIT_NO" : "061",
				"LEVEL_NO" : "#10B",
				"ROAD_NAME" : "HOSPITAL BOULEVARD",
				"HOUSE_BLK_NO" : "30",
				"PHARMACY_NAME" : "National Cancer Center ATU Pharmacy",
				"INC_CRC" : "D5EB59CED35D5168",
				"FMEL_UPD_D" : "20250925154506"
			}
		},
		{
			"type" : "Feature",
			"geometry" : {
				"type" : "Point",
				"coordinates" : [ 103.83780313852131, 1.2810764042155913 ]
			},
			"properties" : {
				"OBJECTID_1" : 2700,
				"POSTAL_CODE" : "168583",
				"BUILDING_NAME" : "Singapore",
				"UNIT_NO" : "00",
				"LEVEL_NO" : "#02",
				"ROAD_NAME" : "HOSPITAL BOULEVARD",
				"HOUSE_BLK_NO" : "30",
				"PHARMACY_NAME" : "National Cancer Center Oncology Outpatient Pharmacy",
				"INC_CRC" : "D5EB59CED465F504",
				"FMEL_UPD_D" : "20250925154506"
			}
		},
		{
			"type" : "Feature",
			"geometry" : {
				"type" : "Point",
				"coordinates" : [ 103.84779822638775, 1.3213972195698915 ]
			},
			"properties" : {
				"OBJECTID_1" : 2701,
				"POSTAL_CODE" : "308442",
				"BUILDING_NAME" : "Singapore",
				"UNIT_NO" : "00",
				"LEVEL_NO" : "#01",
				"ROAD_NAME" : "JALAN TAN TOCK SENG",
				"HOUSE_BLK_NO" : "16",
				"PHARMACY_NAME" : "National Centre for Infectious Disease (Outpatient Pharmacy)",
				"INC_CRC" : "93F9BE27516BED5E",
				"FMEL_UPD_D" : "20250925154506"
			}
		},
		{
			"type" : "Feature",
			"geometry" : {
				"type" : "Point",
				"coordinates" : [ 103.84560835649081, 1.3743114830439676 ]
			},
			"properties" : {
				"OBJECTID_1" : 2702,
				"POSTAL_CODE" : "569666",
				"BUILDING_NAME" : "Singapore",
				"UNIT_NO" : "00",
				"LEVEL_NO" : "#02",
				"ROAD_NAME" : "ANG MO KIO CENTRAL 2",
				"HOUSE_BLK_NO" : "21",
				"PHARMACY_NAME" : "National Healthcare Group Pharmacy (Ang Mo Kio)",
				"INC_CRC" : "E0BD8F98BA203244",
				"FMEL_UPD_D" : "20250925154506"
			}
		},
		{
			"type" : "Feature",
			"geometry" : {
				"type" : "Point",
				"coordinates" : [ 103.88716604481574, 1.3194936457037207 ]
			},
			"properties" : {
				"OBJECTID_1" : 2703,
				"POSTAL_CODE" : "389707",
				"BUILDING_NAME" : "Singapore",
				"UNIT_NO" : "00",
				"LEVEL_NO" : "#02",
				"ROAD_NAME" : "GEYLANG EAST CENTRAL",
				"HOUSE_BLK_NO" : "21",
				"PHARMACY_NAME" : "National Healthcare Group Pharmacy (Geylang)",
				"INC_CRC" : "BBEB75BFDBEF8342",
				"FMEL_UPD_D" : "20250925154506"
			}
		},
		{
			"type" : "Feature",
			"geometry" : {
				"type" : "Point",
				"coordinates" : [ 103.88899639048948, 1.3700180468290737 ]
			},
			"properties" : {
				"OBJECTID_1" : 2704,
				"POSTAL_CODE" : "538829",
				"BUILDING_NAME" : "Singapore",
				"UNIT_NO" : "00",
				"LEVEL_NO" : "#00",
				"ROAD_NAME" : "HOUGANG AVENUE 4",
				"HOUSE_BLK_NO" : "89",
				"PHARMACY_NAME" : "National Healthcare Group Pharmacy (Hougang)",
				"INC_CRC" : "BA090CA5F05D7AE4",
				"FMEL_UPD_D" : "20250925154506"
			}
		},
		{
			"type" : "Feature",
			"geometry" : {
				"type" : "Point",
				"coordinates" : [ 103.8586873260051, 1.3166930224324112 ]
			},
			"properties" : {
				"OBJECTID_1" : 2705,
				"POSTAL_CODE" : "328263",
				"BUILDING_NAME" : "Singapore",
				"UNIT_NO" : "00",
				"LEVEL_NO" : "#02",
				"ROAD_NAME" : "SERANGOON ROAD",
				"HOUSE_BLK_NO" : "701",
				"PHARMACY_NAME" : "National Healthcare Group Pharmacy (Kallang)",
				"INC_CRC" : "7FA6D605B925438E",
				"FMEL_UPD_D" : "20250925154506"
			}
		},
		{
			"type" : "Feature",
			"geometry" : {
				"type" : "Point",
				"coordinates" : [ 103.83434643909712, 1.418250783374553 ]
			},
			"properties" : {
				"OBJECTID_1" : 2706,
				"POSTAL_CODE" : "769567",
				"BUILDING_NAME" : "Singapore",
				"UNIT_NO" : "00",
				"LEVEL_NO" : "#02",
				"ROAD_NAME" : "YISHUN RING ROAD",
				"HOUSE_BLK_NO" : "690",
				"PHARMACY_NAME" : "National Healthcare Group Pharmacy (Khatib)",
				"INC_CRC" : "40688B72B84397E9",
				"FMEL_UPD_D" : "20250925154506"
			}
		},
		{
			"type" : "Feature",
			"geometry" : {
				"type" : "Point",
				"coordinates" : [ 103.82276363764352, 1.4482633618766256 ]
			},
			"properties" : {
				"OBJECTID_1" : 2707,
				"POSTAL_CODE" : "756973",
				"BUILDING_NAME" : "Singapore",
				"UNIT_NO" : "03",
				"LEVEL_NO" : "#01",
				"ROAD_NAME" : "CANBERRA LINK",
				"HOUSE_BLK_NO" : "21",
				"PHARMACY_NAME" : "National Healthcare Group Pharmacy (Sembawang)",
				"INC_CRC" : "87E1198EFB0B4F0B",
				"FMEL_UPD_D" : "20250925154506"
			}
		},
		{
			"type" : "Feature",
			"geometry" : {
				"type" : "Point",
				"coordinates" : [ 103.85895644511542, 1.3344802763996426 ]
			},
			"properties" : {
				"OBJECTID_1" : 2708,
				"POSTAL_CODE" : "319260",
				"BUILDING_NAME" : "Singapore",
				"UNIT_NO" : "00",
				"LEVEL_NO" : "#00",
				"ROAD_NAME" : "LORONG 8 TOA PAYOH",
				"HOUSE_BLK_NO" : "2003",
				"PHARMACY_NAME" : "National Healthcare Group Pharmacy (Toa Payoh)",
				"INC_CRC" : "5F4733091A619D56",
				"FMEL_UPD_D" : "20250925154506"
			}
		},
		{
			"type" : "Feature",
			"geometry" : {
				"type" : "Point",
				"coordinates" : [ 103.77521291746736, 1.4308932241216819 ]
			},
			"properties" : {
				"OBJECTID_1" : 2709,
				"POSTAL_CODE" : "738579",
				"BUILDING_NAME" : "Singapore",
				"UNIT_NO" : "00",
				"LEVEL_NO" : "#01",
				"ROAD_NAME" : "WOODLANDS STREET 31",
				"HOUSE_BLK_NO" : "10",
				"PHARMACY_NAME" : "National Healthcare Group Pharmacy (Woodlands)",
				"INC_CRC" : "BC840D25B0A20A42",
				"FMEL_UPD_D" : "20250925154506"
			}
		},
		{
			"type" : "Feature",
			"geometry" : {
				"type" : "Point",
				"coordinates" : [ 103.83919070033672, 1.4303585107550705 ]
			},
			"properties" : {
				"OBJECTID_1" : 2710,
				"POSTAL_CODE" : "768898",
				"BUILDING_NAME" : "Singapore",
				"UNIT_NO" : "00",
				"LEVEL_NO" : "#02",
				"ROAD_NAME" : "YISHUN AVENUE 9",
				"HOUSE_BLK_NO" : "2",
				"PHARMACY_NAME" : "National Healthcare Group Pharmacy (Yishun)",
				"INC_CRC" : "6A0E63301F9BED99",
				"FMEL_UPD_D" : "20250925154506"
			}
		},
		{
			"type" : "Feature",
			"geometry" : {
				"type" : "Point",
				"coordinates" : [ 103.84894175358575, 1.3201642118317045 ]
			},
			"properties" : {
				"OBJECTID_1" : 2711,
				"POSTAL_CODE" : "308205",
				"BUILDING_NAME" : "Singapore",
				"UNIT_NO" : "20",
				"LEVEL_NO" : "#02B",
				"ROAD_NAME" : "MANDALAY ROAD",
				"HOUSE_BLK_NO" : "1",
				"PHARMACY_NAME" : "National Skin Centre Pharmacy",
				"INC_CRC" : "5BE2137531838B66",
				"FMEL_UPD_D" : "20250925154506"
			}
		},
		{
			"type" : "Feature",
			"geometry" : {
				"type" : "Point",
				"coordinates" : [ 103.69897934147608, 1.3385622426293666 ]
			},
			"properties" : {
				"OBJECTID_1" : 2717,
				"POSTAL_CODE" : "648201",
				"BUILDING_NAME" : "Singapore",
				"UNIT_NO" : "00",
				"LEVEL_NO" : "#02",
				"ROAD_NAME" : "JURONG WEST STREET 61",
				"HOUSE_BLK_NO" : "26",
				"PHARMACY_NAME" : "National University Health System Pharmacy (Pioneer)",
				"INC_CRC" : "9C1E0B577CCF2CF7",
				"FMEL_UPD_D" : "20250925154506"
			}
		},
		{
			"type" : "Feature",
			"geometry" : {
				"type" : "Point",
				"coordinates" : [ 103.80095780091568, 1.2984754688995657 ]
			},
			"properties" : {
				"OBJECTID_1" : 2718,
				"POSTAL_CODE" : "148958",
				"BUILDING_NAME" : "Singapore",
				"UNIT_NO" : "00",
				"LEVEL_NO" : "#02",
				"ROAD_NAME" : "STIRLING ROAD",
				"HOUSE_BLK_NO" : "580",
				"PHARMACY_NAME" : "National University Health System Pharmacy (Queenstown)",
				"INC_CRC" : "359DDC54143AD347",
				"FMEL_UPD_D" : "20250925154506"
			}
		},
		{
			"type" : "Feature",
			"geometry" : {
				"type" : "Point",
				"coordinates" : [ 103.78270952120583, 1.2939530538648012 ]
			},
			"properties" : {
				"OBJECTID_1" : 2719,
				"POSTAL_CODE" : "119074",
				"BUILDING_NAME" : "Singapore",
				"UNIT_NO" : "01/02",
				"LEVEL_NO" : "#F01",
				"ROAD_NAME" : "LOWER KENT RIDGE ROAD",
				"HOUSE_BLK_NO" : "5",
				"PHARMACY_NAME" : "National University Hospital (S) Pte Ltd (Main Building Pharmacy)",
				"INC_CRC" : "A27A32B752D3600E",
				"FMEL_UPD_D" : "20250925154506"
			}
		},
		{
			"type" : "Feature",
			"geometry" : {
				"type" : "Point",
				"coordinates" : [ 103.78408401569463, 1.2927743133923038 ]
			},
			"properties" : {
				"OBJECTID_1" : 2720,
				"POSTAL_CODE" : "119082",
				"BUILDING_NAME" : "Singapore",
				"UNIT_NO" : "00",
				"LEVEL_NO" : "#09",
				"ROAD_NAME" : "LOWER KENT RIDGE ROAD",
				"HOUSE_BLK_NO" : "1",
				"PHARMACY_NAME" : "National University Hospital (s) Pte Ltd (Pharmacy @ NCIS)",
				"INC_CRC" : "C1403E3747D6C161",
				"FMEL_UPD_D" : "20250925154506"
			}
		},
		{
			"type" : "Feature",
			"geometry" : {
				"type" : "Point",
				"coordinates" : [ 103.84538901427476, 1.321715976728125 ]
			},
			"properties" : {
				"OBJECTID_1" : 2721,
				"POSTAL_CODE" : "308433",
				"BUILDING_NAME" : "Singapore",
				"UNIT_NO" : "00",
				"LEVEL_NO" : "#B2",
				"ROAD_NAME" : "JALAN TAN TOCK SENG",
				"HOUSE_BLK_NO" : "11",
				"PHARMACY_NAME" : "Tan Tock Seng Hospital (Outpatient & Retail Pharmacy)",
				"INC_CRC" : "E022068D86745FA2",
				"FMEL_UPD_D" : "20250925154506"
			}
		},
		{
			"type" : "Feature",
			"geometry" : {
				"type" : "Point",
				"coordinates" : [ 103.84538901427476, 1.321715976728125 ]
			},
			"properties" : {
				"OBJECTID_1" : 2722,
				"POSTAL_CODE" : "308433",
				"BUILDING_NAME" : "Singapore",
				"UNIT_NO" : "00",
				"LEVEL_NO" : "#02",
				"ROAD_NAME" : "JALAN TAN TOCK SENG",
				"HOUSE_BLK_NO" : "11",
				"PHARMACY_NAME" : "Tan Tock Seng Hospital (Pharmacy, Level 2)",
				"INC_CRC" : "E022068D7BD0FE37",
				"FMEL_UPD_D" : "20250925154506"
			}
		},
		{
			"type" : "Feature",
			"geometry" : {
				"type" : "Point",
				"coordinates" : [ 103.81558434553112, 1.330228670886883 ]
			},
			"properties" : {
				"OBJECTID_1" : 2723,
				"POSTAL_CODE" : "289899",
				"BUILDING_NAME" : "Singapore",
				"UNIT_NO" : "01",
				"LEVEL_NO" : "#01",
				"ROAD_NAME" : "ADAM ROAD",
				"HOUSE_BLK_NO" : "120",
				"PHARMACY_NAME" : "The Japanese Association Clinic, Singapore",
				"INC_CRC" : "631DEDCB287303AF",
				"FMEL_UPD_D" : "20250925154506"
			}
		},
		{
			"type" : "Feature",
			"geometry" : {
				"type" : "Point",
				"coordinates" : [ 103.85374318611865, 1.3110155970851871 ]
			},
			"properties" : {
				"OBJECTID_1" : 2724,
				"POSTAL_CODE" : "219890",
				"BUILDING_NAME" : "Singapore",
				"UNIT_NO" : "00",
				"LEVEL_NO" : "#01",
				"ROAD_NAME" : "BIRCH ROAD",
				"HOUSE_BLK_NO" : "25",
				"PHARMACY_NAME" : "The Pharmacy Inc.",
				"INC_CRC" : "A91F377B2740BB5A",
				"FMEL_UPD_D" : "20250925154506"
			}
		},
		{
			"type" : "Feature",
			"geometry" : {
				"type" : "Point",
				"coordinates" : [ 103.8414484599309, 1.325364059543252 ]
			},
			"properties" : {
				"OBJECTID_1" : 2725,
				"POSTAL_CODE" : "307677",
				"BUILDING_NAME" : "Singapore",
				"UNIT_NO" : "01",
				"LEVEL_NO" : "#01",
				"ROAD_NAME" : "THOMSON ROAD",
				"HOUSE_BLK_NO" : "339",
				"PHARMACY_NAME" : "Thomson Medical Centre",
				"INC_CRC" : "3F6A7899F5D76431",
				"FMEL_UPD_D" : "20250925154506"
			}
		},
		{
			"type" : "Feature",
			"geometry" : {
				"type" : "Point",
				"coordinates" : [ 103.83394193781635, 1.3044857910326735 ]
			},
			"properties" : {
				"OBJECTID_1" : 2726,
				"POSTAL_CODE" : "238863",
				"BUILDING_NAME" : "Singapore",
				"UNIT_NO" : "82",
				"LEVEL_NO" : "#02",
				"ROAD_NAME" : "ORCHARD ROAD",
				"HOUSE_BLK_NO" : "304",
				"PHARMACY_NAME" : "Trident Pharm Pte Ltd",
				"INC_CRC" : "4D1815933139E754",
				"FMEL_UPD_D" : "20250925154506"
			}
		},
		{
			"type" : "Feature",
			"geometry" : {
				"type" : "Point",
				"coordinates" : [ 103.93164003224786, 1.32594068868991 ]
			},
			"properties" : {
				"OBJECTID_1" : 2727,
				"POSTAL_CODE" : "460212",
				"BUILDING_NAME" : "Singapore",
				"UNIT_NO" : "147",
				"LEVEL_NO" : "#02",
				"ROAD_NAME" : "BEDOK NORTH STREET 1",
				"HOUSE_BLK_NO" : "212",
				"PHARMACY_NAME" : "UNITY By FairPrice (BN(A))",
				"INC_CRC" : "79D5D50A0B53A221",
				"FMEL_UPD_D" : "20250925154506"
			}
		},
		{
			"type" : "Feature",
			"geometry" : {
				"type" : "Point",
				"coordinates" : [ 103.7785604701992, 1.338656769130609 ]
			},
			"properties" : {
				"OBJECTID_1" : 2728,
				"POSTAL_CODE" : "588996",
				"BUILDING_NAME" : "Singapore",
				"UNIT_NO" : "01",
				"LEVEL_NO" : "#B1",
				"ROAD_NAME" : "JALAN ANAK BUKIT",
				"HOUSE_BLK_NO" : "1",
				"PHARMACY_NAME" : "UNITY By FairPrice (BTPZ)",
				"INC_CRC" : "EE66746A0CD4A2EC",
				"FMEL_UPD_D" : "20250925154506"
			}
		},
		{
			"type" : "Feature",
			"geometry" : {
				"type" : "Point",
				"coordinates" : [ 103.95302450382567, 1.3427061864390135 ]
			},
			"properties" : {
				"OBJECTID_1" : 2729,
				"POSTAL_CODE" : "528833",
				"BUILDING_NAME" : "Singapore",
				"UNIT_NO" : "01",
				"LEVEL_NO" : "#05",
				"ROAD_NAME" : "SIMEI STREET 6",
				"HOUSE_BLK_NO" : "3",
				"PHARMACY_NAME" : "UNITY By FairPrice (EPT)",
				"INC_CRC" : "3050F06A8A5AD737",
				"FMEL_UPD_D" : "20250925154506"
			}
		},
		{
			"type" : "Feature",
			"geometry" : {
				"type" : "Point",
				"coordinates" : [ 103.87930002409627, 1.3758499733850338 ]
			},
			"properties" : {
				"OBJECTID_1" : 2730,
				"POSTAL_CODE" : "538692",
				"BUILDING_NAME" : "Singapore",
				"UNIT_NO" : "01",
				"LEVEL_NO" : "#02",
				"ROAD_NAME" : "HOUGANG STREET 91",
				"HOUSE_BLK_NO" : "1",
				"PHARMACY_NAME" : "UNITY By FairPrice (HGPT)",
				"INC_CRC" : "E74126DC7E760BC5",
				"FMEL_UPD_D" : "20250925154506"
			}
		},
		{
			"type" : "Feature",
			"geometry" : {
				"type" : "Point",
				"coordinates" : [ 103.70535100057792, 1.3393150339641708 ]
			},
			"properties" : {
				"OBJECTID_1" : 2731,
				"POSTAL_CODE" : "648331",
				"BUILDING_NAME" : "Singapore",
				"UNIT_NO" : "01",
				"LEVEL_NO" : "#03",
				"ROAD_NAME" : "JURONG WEST CENTRAL 3",
				"HOUSE_BLK_NO" : "63",
				"PHARMACY_NAME" : "UNITY By FairPrice (HJPT )Hyper Jurong Point",
				"INC_CRC" : "94D6A613A34DB8F3",
				"FMEL_UPD_D" : "20250925154506"
			}
		},
		{
			"type" : "Feature",
			"geometry" : {
				"type" : "Point",
				"coordinates" : [ 103.87170454944983, 1.3504381717743235 ]
			},
			"properties" : {
				"OBJECTID_1" : 2732,
				"POSTAL_CODE" : "556083",
				"BUILDING_NAME" : "Singapore",
				"UNIT_NO" : "37/38",
				"LEVEL_NO" : "#03",
				"ROAD_NAME" : "SERANGOON CENTRAL",
				"HOUSE_BLK_NO" : "23",
				"PHARMACY_NAME" : "UNITY By FairPrice (HNEX)",
				"INC_CRC" : "0D7832C15D7DC23E",
				"FMEL_UPD_D" : "20250925154506"
			}
		},
		{
			"type" : "Feature",
			"geometry" : {
				"type" : "Point",
				"coordinates" : [ 103.83521818774284, 1.4169831576256866 ]
			},
			"properties" : {
				"OBJECTID_1" : 2733,
				"POSTAL_CODE" : "760849",
				"BUILDING_NAME" : "Singapore",
				"UNIT_NO" : "3701/3703",
				"LEVEL_NO" : "#01",
				"ROAD_NAME" : "YISHUN RING ROAD",
				"HOUSE_BLK_NO" : "849",
				"PHARMACY_NAME" : "UNITY By FairPrice (KTIB)",
				"INC_CRC" : "9650D280564D044D",
				"FMEL_UPD_D" : "20250925154506"
			}
		},
		{
			"type" : "Feature",
			"geometry" : {
				"type" : "Point",
				"coordinates" : [ 103.744950384161, 1.385068356675635 ]
			},
			"properties" : {
				"OBJECTID_1" : 2734,
				"POSTAL_CODE" : "689812",
				"BUILDING_NAME" : "Singapore",
				"UNIT_NO" : "04/05",
				"LEVEL_NO" : "#B1",
				"ROAD_NAME" : "CHOA CHU KANG AVENUE 4",
				"HOUSE_BLK_NO" : "21",
				"PHARMACY_NAME" : "UNITY By FairPrice (LOT1)",
				"INC_CRC" : "E2F44985C8B8A5E2",
				"FMEL_UPD_D" : "20250925154506"
			}
		},
		{
			"type" : "Feature",
			"geometry" : {
				"type" : "Point",
				"coordinates" : [ 103.90711266497466, 1.3014195498215115 ]
			},
			"properties" : {
				"OBJECTID_1" : 2735,
				"POSTAL_CODE" : "449411",
				"BUILDING_NAME" : "Singapore",
				"UNIT_NO" : "00",
				"LEVEL_NO" : "#01",
				"ROAD_NAME" : "MARINE PARADE CENTRAL",
				"HOUSE_BLK_NO" : "6",
				"PHARMACY_NAME" : "UNITY By FairPrice (MP)",
				"INC_CRC" : "5014896E2403C883",
				"FMEL_UPD_D" : "20250925154506"
			}
		},
		{
			"type" : "Feature",
			"geometry" : {
				"type" : "Point",
				"coordinates" : [ 103.83609210218492, 1.4280358453225692 ]
			},
			"properties" : {
				"OBJECTID_1" : 2736,
				"POSTAL_CODE" : "768019",
				"BUILDING_NAME" : "Singapore",
				"UNIT_NO" : "103-107",
				"LEVEL_NO" : "#B2",
				"ROAD_NAME" : "NORTHPOINT DRIVE",
				"HOUSE_BLK_NO" : "1",
				"PHARMACY_NAME" : "UNITY By FairPrice (NPCT) North Point City",
				"INC_CRC" : "BD725D17F2E90F7E",
				"FMEL_UPD_D" : "20250925154506"
			}
		},
		{
			"type" : "Feature",
			"geometry" : {
				"type" : "Point",
				"coordinates" : [ 103.90155802756351, 1.3849320203292892 ]
			},
			"properties" : {
				"OBJECTID_1" : 2737,
				"POSTAL_CODE" : "540118",
				"BUILDING_NAME" : "Singapore",
				"UNIT_NO" : "16",
				"LEVEL_NO" : "#01",
				"ROAD_NAME" : "RIVERVALE DRIVE",
				"HOUSE_BLK_NO" : "118",
				"PHARMACY_NAME" : "UNITY By FairPrice (RVAL)",
				"INC_CRC" : "95D6C59888C66161",
				"FMEL_UPD_D" : "20250925154506"
			}
		},
		{
			"type" : "Feature",
			"geometry" : {
				"type" : "Point",
				"coordinates" : [ 103.84239316713204, 1.275154969377929 ]
			},
			"properties" : {
				"OBJECTID_1" : 2738,
				"POSTAL_CODE" : "082001",
				"BUILDING_NAME" : "Singapore",
				"UNIT_NO" : "01",
				"LEVEL_NO" : "#01",
				"ROAD_NAME" : "TANJONG PAGAR PLAZA",
				"HOUSE_BLK_NO" : "1",
				"PHARMACY_NAME" : "UNITY By FairPrice (TGP)",
				"INC_CRC" : "336FCEAD3EC62DBA",
				"FMEL_UPD_D" : "20250925154506"
			}
		},
		{
			"type" : "Feature",
			"geometry" : {
				"type" : "Point",
				"coordinates" : [ 103.80112695004563, 1.2736765775460277 ]
			},
			"properties" : {
				"OBJECTID_1" : 2739,
				"POSTAL_CODE" : "119963",
				"BUILDING_NAME" : "Singapore",
				"UNIT_NO" : "04/05/06",
				"LEVEL_NO" : "#02",
				"ROAD_NAME" : "ALEXANDRA ROAD",
				"HOUSE_BLK_NO" : "460",
				"PHARMACY_NAME" : "UNITY By FairPrice (UARC)",
				"INC_CRC" : "47F3FC74447125CC",
				"FMEL_UPD_D" : "20250925154506"
			}
		},
		{
			"type" : "Feature",
			"geometry" : {
				"type" : "Point",
				"coordinates" : [ 103.8176428742047, 1.2831194964472945 ]
			},
			"properties" : {
				"OBJECTID_1" : 2740,
				"POSTAL_CODE" : "150166",
				"BUILDING_NAME" : "Singapore",
				"UNIT_NO" : "3531",
				"LEVEL_NO" : "#01",
				"ROAD_NAME" : "BUKIT MERAH CENTRAL",
				"HOUSE_BLK_NO" : "166",
				"PHARMACY_NAME" : "UNITY By FairPrice (UBMC)",
				"INC_CRC" : "E8590966FECF10B5",
				"FMEL_UPD_D" : "20250925154506"
			}
		},
		{
			"type" : "Feature",
			"geometry" : {
				"type" : "Point",
				"coordinates" : [ 103.7639618526176, 1.3805173281591359 ]
			},
			"properties" : {
				"OBJECTID_1" : 2741,
				"POSTAL_CODE" : "677743",
				"BUILDING_NAME" : "Singapore",
				"UNIT_NO" : "06",
				"LEVEL_NO" : "#01",
				"ROAD_NAME" : "JELEBU ROAD",
				"HOUSE_BLK_NO" : "1",
				"PHARMACY_NAME" : "UNITY By FairPrice (UBPP)",
				"INC_CRC" : "E99846925ED42966",
				"FMEL_UPD_D" : "20250925154506"
			}
		},
		{
			"type" : "Feature",
			"geometry" : {
				"type" : "Point",
				"coordinates" : [ 103.8187325655546, 1.262063364207044 ]
			},
			"properties" : {
				"OBJECTID_1" : 2742,
				"POSTAL_CODE" : "099253",
				"BUILDING_NAME" : "Singapore",
				"UNIT_NO" : "118/119",
				"LEVEL_NO" : "#02",
				"ROAD_NAME" : "MARITIME SQUARE",
				"HOUSE_BLK_NO" : "1",
				"PHARMACY_NAME" : "UNITY By FairPrice (UHBF)",
				"INC_CRC" : "62D6040A36E28ECF",
				"FMEL_UPD_D" : "20250925154506"
			}
		},
		{
			"type" : "Feature",
			"geometry" : {
				"type" : "Point",
				"coordinates" : [ 103.89366161203019, 1.3723118564295858 ]
			},
			"properties" : {
				"OBJECTID_1" : 2743,
				"POSTAL_CODE" : "538766",
				"BUILDING_NAME" : "Singapore",
				"UNIT_NO" : "35/36",
				"LEVEL_NO" : "#B1",
				"ROAD_NAME" : "HOUGANG AVENUE 10",
				"HOUSE_BLK_NO" : "90",
				"PHARMACY_NAME" : "UNITY By FairPrice (UHLC)",
				"INC_CRC" : "3500FCBC1328F7F0",
				"FMEL_UPD_D" : "20250925154506"
			}
		},
		{
			"type" : "Feature",
			"geometry" : {
				"type" : "Point",
				"coordinates" : [ 103.76274117629025, 1.3783497126086577 ]
			},
			"properties" : {
				"OBJECTID_1" : 2744,
				"POSTAL_CODE" : "678278",
				"BUILDING_NAME" : "Singapore",
				"UNIT_NO" : "64/65",
				"LEVEL_NO" : "#B2",
				"ROAD_NAME" : "PETIR ROAD",
				"HOUSE_BLK_NO" : "17",
				"PHARMACY_NAME" : "UNITY By FairPrice (UHLM)",
				"INC_CRC" : "B978567BD931DCC5",
				"FMEL_UPD_D" : "20250925154506"
			}
		},
		{
			"type" : "Feature",
			"geometry" : {
				"type" : "Point",
				"coordinates" : [ 103.8484300826872, 1.3501724268530226 ]
			},
			"properties" : {
				"OBJECTID_1" : 2745,
				"POSTAL_CODE" : "579837",
				"BUILDING_NAME" : "Singapore",
				"UNIT_NO" : "16",
				"LEVEL_NO" : "#B1",
				"ROAD_NAME" : "BISHAN PLACE",
				"HOUSE_BLK_NO" : "9",
				"PHARMACY_NAME" : "UNITY By FairPrice (UJX8)",
				"INC_CRC" : "403FCEA389DE36B8",
				"FMEL_UPD_D" : "20250925154506"
			}
		},
		{
			"type" : "Feature",
			"geometry" : {
				"type" : "Point",
				"coordinates" : [ 103.84504758088113, 1.3007477084715486 ]
			},
			"properties" : {
				"OBJECTID_1" : 2746,
				"POSTAL_CODE" : "238839",
				"BUILDING_NAME" : "Singapore",
				"UNIT_NO" : "20A",
				"LEVEL_NO" : "#B2",
				"ROAD_NAME" : "ORCHARD ROAD",
				"HOUSE_BLK_NO" : "68",
				"PHARMACY_NAME" : "UNITY By FairPrice (UPSG)",
				"INC_CRC" : "2EF1874B7CE0FE6E",
				"FMEL_UPD_D" : "20250925154506"
			}
		},
		{
			"type" : "Feature",
			"geometry" : {
				"type" : "Point",
				"coordinates" : [ 103.87606765768867, 1.3913930581561316 ]
			},
			"properties" : {
				"OBJECTID_1" : 2747,
				"POSTAL_CODE" : "797653",
				"BUILDING_NAME" : "Singapore",
				"UNIT_NO" : "16/17/18",
				"LEVEL_NO" : "#B2",
				"ROAD_NAME" : "SENGKANG WEST AVENUE",
				"HOUSE_BLK_NO" : "33",
				"PHARMACY_NAME" : "UNITY By FairPrice (USMA)",
				"INC_CRC" : "3BD72E3B154DCEC8",
				"FMEL_UPD_D" : "20250925154506"
			}
		},
		{
			"type" : "Feature",
			"geometry" : {
				"type" : "Point",
				"coordinates" : [ 103.84712831486598, 1.3328911310737555 ]
			},
			"properties" : {
				"OBJECTID_1" : 2748,
				"POSTAL_CODE" : "319398",
				"BUILDING_NAME" : "Singapore",
				"UNIT_NO" : "02",
				"LEVEL_NO" : "#B1",
				"ROAD_NAME" : "LORONG 6 TOA PAYOH",
				"HOUSE_BLK_NO" : "510",
				"PHARMACY_NAME" : "UNITY By FairPrice (UTP2)",
				"INC_CRC" : "B7C772213BC7822C",
				"FMEL_UPD_D" : "20250925154506"
			}
		},
		{
			"type" : "Feature",
			"geometry" : {
				"type" : "Point",
				"coordinates" : [ 103.74258601774642, 1.334025287454537 ]
			},
			"properties" : {
				"OBJECTID_1" : 2749,
				"POSTAL_CODE" : "608532",
				"BUILDING_NAME" : "Singapore",
				"UNIT_NO" : "21",
				"LEVEL_NO" : "#B1",
				"ROAD_NAME" : "GATEWAY DRIVE",
				"HOUSE_BLK_NO" : "3",
				"PHARMACY_NAME" : "UNITY By FairPrice (UWGA)",
				"INC_CRC" : "F7A1D2FA4C96C0C5",
				"FMEL_UPD_D" : "20250925154506"
			}
		},
		{
			"type" : "Feature",
			"geometry" : {
				"type" : "Point",
				"coordinates" : [ 103.94971570233616, 1.3724498161424086 ]
			},
			"properties" : {
				"OBJECTID_1" : 2750,
				"POSTAL_CODE" : "518457",
				"BUILDING_NAME" : "Singapore",
				"UNIT_NO" : "02",
				"LEVEL_NO" : "#B1",
				"ROAD_NAME" : "PASIR RIS CENTRAL STREET 3",
				"HOUSE_BLK_NO" : "1",
				"PHARMACY_NAME" : "UNITY By FairPrice (UWSA)",
				"INC_CRC" : "F256D986494A0D3C",
				"FMEL_UPD_D" : "20250925154506"
			}
		},
		{
			"type" : "Feature",
			"geometry" : {
				"type" : "Point",
				"coordinates" : [ 103.90198817400874, 1.406536107205987 ]
			},
			"properties" : {
				"OBJECTID_1" : 2751,
				"POSTAL_CODE" : "828761",
				"BUILDING_NAME" : "Singapore",
				"UNIT_NO" : "26",
				"LEVEL_NO" : "#B2",
				"ROAD_NAME" : "PUNGGOL CENTRAL",
				"HOUSE_BLK_NO" : "83",
				"PHARMACY_NAME" : "UNITY By FairPrice (UWWP)",
				"INC_CRC" : "92251D9694D84FB5",
				"FMEL_UPD_D" : "20250925154506"
			}
		},
		{
			"type" : "Feature",
			"geometry" : {
				"type" : "Point",
				"coordinates" : [ 103.76424820566153, 1.314853218022595 ]
			},
			"properties" : {
				"OBJECTID_1" : 2752,
				"POSTAL_CODE" : "129588",
				"BUILDING_NAME" : "Singapore",
				"UNIT_NO" : "11",
				"LEVEL_NO" : "#B1",
				"ROAD_NAME" : "COMMONWEALTH AVENUE WEST",
				"HOUSE_BLK_NO" : "3155",
				"PHARMACY_NAME" : "UNITY By Fairprice (CLML)",
				"INC_CRC" : "E9AD0B2D4A5F9691",
				"FMEL_UPD_D" : "20250925154506"
			}
		},
		{
			"type" : "Feature",
			"geometry" : {
				"type" : "Point",
				"coordinates" : [ 103.74644320796418, 1.3969699225975778 ]
			},
			"properties" : {
				"OBJECTID_1" : 2753,
				"POSTAL_CODE" : "689578",
				"BUILDING_NAME" : "Singapore",
				"UNIT_NO" : "08/09",
				"LEVEL_NO" : "#B1",
				"ROAD_NAME" : "CHOA CHU KANG NORTH 6",
				"HOUSE_BLK_NO" : "21",
				"PHARMACY_NAME" : "UNITY By Fairprice (YTP)",
				"INC_CRC" : "E249D432B490560D",
				"FMEL_UPD_D" : "20250925154506"
			}
		},
		{
			"type" : "Feature",
			"geometry" : {
				"type" : "Point",
				"coordinates" : [ 103.87275071133227, 1.303843267646838 ]
			},
			"properties" : {
				"OBJECTID_1" : 2754,
				"POSTAL_CODE" : "397628",
				"BUILDING_NAME" : "Singapore",
				"UNIT_NO" : "29",
				"LEVEL_NO" : "#01",
				"ROAD_NAME" : "STADIUM PLACE",
				"HOUSE_BLK_NO" : "1",
				"PHARMACY_NAME" : "Unity By FairPrice (HSPH) Sports Hub",
				"INC_CRC" : "85070E9B8247E734",
				"FMEL_UPD_D" : "20250925154506"
			}
		},
		{
			"type" : "Feature",
			"geometry" : {
				"type" : "Point",
				"coordinates" : [ 103.83728648244852, 1.3002129284534543 ]
			},
			"properties" : {
				"OBJECTID_1" : 2755,
				"POSTAL_CODE" : "238164",
				"BUILDING_NAME" : "Singapore",
				"UNIT_NO" : "01/02,  21-30",
				"LEVEL_NO" : "#01",
				"ROAD_NAME" : "SOMERSET ROAD",
				"HOUSE_BLK_NO" : "111",
				"PHARMACY_NAME" : "Unity By Fairprice (111S) Tripleone Somerset",
				"INC_CRC" : "E6B7F1BA2D04CB87",
				"FMEL_UPD_D" : "20250925154506"
			}
		},
		{
			"type" : "Feature",
			"geometry" : {
				"type" : "Point",
				"coordinates" : [ 103.84839922748421, 1.369248912820203 ]
			},
			"properties" : {
				"OBJECTID_1" : 2756,
				"POSTAL_CODE" : "569933",
				"BUILDING_NAME" : "Singapore",
				"UNIT_NO" : "40",
				"LEVEL_NO" : "#B2",
				"ROAD_NAME" : "ANG MO KIO AVENUE 3",
				"HOUSE_BLK_NO" : "53",
				"PHARMACY_NAME" : "Unity By Fairprice (HAMK) AMK HUB",
				"INC_CRC" : "0AB8ACDD4757DB6E",
				"FMEL_UPD_D" : "20250925154506"
			}
		},
		{
			"type" : "Feature",
			"geometry" : {
				"type" : "Point",
				"coordinates" : [ 103.90511359225532, 1.3011913074869057 ]
			},
			"properties" : {
				"OBJECTID_1" : 2757,
				"POSTAL_CODE" : "449269",
				"BUILDING_NAME" : "Singapore",
				"UNIT_NO" : "28",
				"LEVEL_NO" : "#03",
				"ROAD_NAME" : "MARINE PARADE ROAD",
				"HOUSE_BLK_NO" : "80",
				"PHARMACY_NAME" : "Unity By Fairprice (HPWP) Hyper Parkway Parade",
				"INC_CRC" : "5A93289254FBF71E",
				"FMEL_UPD_D" : "20250925154506"
			}
		},
		{
			"type" : "Feature",
			"geometry" : {
				"type" : "Point",
				"coordinates" : [ 103.80057346517377, 1.4397770113720865 ]
			},
			"properties" : {
				"OBJECTID_1" : 2758,
				"POSTAL_CODE" : "730676",
				"BUILDING_NAME" : "Singapore",
				"UNIT_NO" : "02",
				"LEVEL_NO" : "#B1",
				"ROAD_NAME" : "WOODLANDS DRIVE 71",
				"HOUSE_BLK_NO" : "676",
				"PHARMACY_NAME" : "Unity By Fairprice (KADM) Kampung Admiralty",
				"INC_CRC" : "5F9FAA72F1C7E707",
				"FMEL_UPD_D" : "20250925154506"
			}
		},
		{
			"type" : "Feature",
			"geometry" : {
				"type" : "Point",
				"coordinates" : [ 103.89406716369284, 1.3188561026013381 ]
			},
			"properties" : {
				"OBJECTID_1" : 2759,
				"POSTAL_CODE" : "408600",
				"BUILDING_NAME" : "Singapore",
				"UNIT_NO" : "101 TO 107",
				"LEVEL_NO" : "#B1",
				"ROAD_NAME" : "EUNOS ROAD 8",
				"HOUSE_BLK_NO" : "10",
				"PHARMACY_NAME" : "Unity By Fairprice (SINGPOST) SingPost Centre",
				"INC_CRC" : "3AF4830B9F8888B1",
				"FMEL_UPD_D" : "20250925154506"
			}
		},
		{
			"type" : "Feature",
			"geometry" : {
				"type" : "Point",
				"coordinates" : [ 103.94438798732376, 1.3526723159069935 ]
			},
			"properties" : {
				"OBJECTID_1" : 2760,
				"POSTAL_CODE" : "529510",
				"BUILDING_NAME" : "Singapore",
				"UNIT_NO" : "12",
				"LEVEL_NO" : "#B1",
				"ROAD_NAME" : "TAMPINES CENTRAL 5",
				"HOUSE_BLK_NO" : "4",
				"PHARMACY_NAME" : "Unity By Fairprice (TAML) Tampines Mall",
				"INC_CRC" : "30EA1FA4144981EB",
				"FMEL_UPD_D" : "20250925154506"
			}
		},
		{
			"type" : "Feature",
			"geometry" : {
				"type" : "Point",
				"coordinates" : [ 103.72026802423285, 1.3350420214079959 ]
			},
			"properties" : {
				"OBJECTID_1" : 2761,
				"POSTAL_CODE" : "610399",
				"BUILDING_NAME" : "Singapore",
				"UNIT_NO" : "35",
				"LEVEL_NO" : "#01",
				"ROAD_NAME" : "YUNG SHENG ROAD",
				"HOUSE_BLK_NO" : "399",
				"PHARMACY_NAME" : "Unity By Fairprice (TMJR) Taman Jurong Shopping Centre",
				"INC_CRC" : "2E94B2D0D68F1043",
				"FMEL_UPD_D" : "20250925154506"
			}
		},
		{
			"type" : "Feature",
			"geometry" : {
				"type" : "Point",
				"coordinates" : [ 103.85642177190559, 1.3113051647971354 ]
			},
			"properties" : {
				"OBJECTID_1" : 2762,
				"POSTAL_CODE" : "208539",
				"BUILDING_NAME" : "Singapore",
				"UNIT_NO" : "25",
				"LEVEL_NO" : "#B2",
				"ROAD_NAME" : "KITCHENER ROAD",
				"HOUSE_BLK_NO" : "180",
				"PHARMACY_NAME" : "Unity By Fairprice (UCSQ) City Square Mall",
				"INC_CRC" : "525075C5DC7ECFC4",
				"FMEL_UPD_D" : "20250925154506"
			}
		},
		{
			"type" : "Feature",
			"geometry" : {
				"type" : "Point",
				"coordinates" : [ 103.78568873923535, 1.4360078451714844 ]
			},
			"properties" : {
				"OBJECTID_1" : 2763,
				"POSTAL_CODE" : "738099",
				"BUILDING_NAME" : "Singapore",
				"UNIT_NO" : "33",
				"LEVEL_NO" : "#01",
				"ROAD_NAME" : "WOODLANDS SQUARE",
				"HOUSE_BLK_NO" : "1",
				"PHARMACY_NAME" : "Unity By Fairprice (UCWP) Causeway Point",
				"INC_CRC" : "997DF23DBDC23184",
				"FMEL_UPD_D" : "20250925154506"
			}
		},
		{
			"type" : "Feature",
			"geometry" : {
				"type" : "Point",
				"coordinates" : [ 103.74673449680041, 1.334898437174758 ]
			},
			"properties" : {
				"OBJECTID_1" : 2764,
				"POSTAL_CODE" : "609601",
				"BUILDING_NAME" : "Singapore",
				"UNIT_NO" : "57",
				"LEVEL_NO" : "#01",
				"ROAD_NAME" : "JURONG EAST STREET 21",
				"HOUSE_BLK_NO" : "2",
				"PHARMACY_NAME" : "Unity By Fairprice (UIMM) IMM Mall (The International Merchandising Mart Mall)",
				"INC_CRC" : "9FB1C7B3D202EAF7",
				"FMEL_UPD_D" : "20250925154506"
			}
		},
		{
			"type" : "Feature",
			"geometry" : {
				"type" : "Point",
				"coordinates" : [ 103.70646088413002, 1.339830152579402 ]
			},
			"properties" : {
				"OBJECTID_1" : 2765,
				"POSTAL_CODE" : "648886",
				"BUILDING_NAME" : "Singapore",
				"UNIT_NO" : "26A",
				"LEVEL_NO" : "#01",
				"ROAD_NAME" : "JURONG WEST CENTRAL 2",
				"HOUSE_BLK_NO" : "1",
				"PHARMACY_NAME" : "Unity By Fairprice (UJPO) Jurong Point",
				"INC_CRC" : "FCA5451C23A76D76",
				"FMEL_UPD_D" : "20250925154506"
			}
		},
		{
			"type" : "Feature",
			"geometry" : {
				"type" : "Point",
				"coordinates" : [ 103.84365677090855, 1.320210999738189 ]
			},
			"properties" : {
				"OBJECTID_1" : 2766,
				"POSTAL_CODE" : "307683",
				"BUILDING_NAME" : "Singapore",
				"UNIT_NO" : "11",
				"LEVEL_NO" : "#01",
				"ROAD_NAME" : "THOMSON ROAD",
				"HOUSE_BLK_NO" : "238",
				"PHARMACY_NAME" : "Unity By Fairprice (UNVS) Novena Square",
				"INC_CRC" : "27A6FB1DF52A2C51",
				"FMEL_UPD_D" : "20250925154506"
			}
		},
		{
			"type" : "Feature",
			"geometry" : {
				"type" : "Point",
				"coordinates" : [ 103.94859768295403, 1.373961970922698 ]
			},
			"properties" : {
				"OBJECTID_1" : 2767,
				"POSTAL_CODE" : "519612",
				"BUILDING_NAME" : "Singapore",
				"UNIT_NO" : "27",
				"LEVEL_NO" : "#B1",
				"ROAD_NAME" : "PASIR RIS CENTRAL",
				"HOUSE_BLK_NO" : "7",
				"PHARMACY_NAME" : "Unity By Fairprice (UPRM ) Pasir Ris Mall",
				"INC_CRC" : "B74A27A251998ADE",
				"FMEL_UPD_D" : "20250925154506"
			}
		},
		{
			"type" : "Feature",
			"geometry" : {
				"type" : "Point",
				"coordinates" : [ 103.98875098124995, 1.3551909404722253 ]
			},
			"properties" : {
				"OBJECTID_1" : 2768,
				"POSTAL_CODE" : "819643",
				"BUILDING_NAME" : "Singapore",
				"UNIT_NO" : "192",
				"LEVEL_NO" : "#02",
				"ROAD_NAME" : "AIRPORT BOULEVARD",
				"HOUSE_BLK_NO" : "60",
				"PHARMACY_NAME" : "Unity By Fairprice (UT2S) Changi Airport T2 South",
				"INC_CRC" : "51DD7FDD480FF565",
				"FMEL_UPD_D" : "20250925154506"
			}
		},
		{
			"type" : "Feature",
			"geometry" : {
				"type" : "Point",
				"coordinates" : [ 103.82385280098454, 1.3048434322131555 ]
			},
			"properties" : {
				"OBJECTID_1" : 2769,
				"POSTAL_CODE" : "247933",
				"BUILDING_NAME" : "Singapore",
				"UNIT_NO" : "112",
				"LEVEL_NO" : "#B1",
				"ROAD_NAME" : "TANGLIN ROAD",
				"HOUSE_BLK_NO" : "163",
				"PHARMACY_NAME" : "Unity By Fairprice (UTLM) Tanglin Mall",
				"INC_CRC" : "E9EFD3D1F6014C0B",
				"FMEL_UPD_D" : "20250925154506"
			}
		},
		{
			"type" : "Feature",
			"geometry" : {
				"type" : "Point",
				"coordinates" : [ 103.94501946156369, 1.3543155598608112 ]
			},
			"properties" : {
				"OBJECTID_1" : 2770,
				"POSTAL_CODE" : "529536",
				"BUILDING_NAME" : "Singapore",
				"UNIT_NO" : "51",
				"LEVEL_NO" : "#01",
				"ROAD_NAME" : "TAMPINES CENTRAL 1",
				"HOUSE_BLK_NO" : "10",
				"PHARMACY_NAME" : "Unity By Fairprice (UTPN) Tampines One",
				"INC_CRC" : "30AF058A956B76A8",
				"FMEL_UPD_D" : "20250925154506"
			}
		},
		{
			"type" : "Feature",
			"geometry" : {
				"type" : "Point",
				"coordinates" : [ 103.82158925490758, 1.263895802318296 ]
			},
			"properties" : {
				"OBJECTID_1" : 2771,
				"POSTAL_CODE" : "098585",
				"BUILDING_NAME" : "Singapore",
				"UNIT_NO" : "23",
				"LEVEL_NO" : "#01",
				"ROAD_NAME" : "HARBOURFRONT WALK",
				"HOUSE_BLK_NO" : "1",
				"PHARMACY_NAME" : "Unity By Fairprice (UVVO) Vivo City",
				"INC_CRC" : "57517317DABAEBE9",
				"FMEL_UPD_D" : "20250925154506"
			}
		},
		{
			"type" : "Feature",
			"geometry" : {
				"type" : "Point",
				"coordinates" : [ 103.87167001564892, 1.3387306540844819 ]
			},
			"properties" : {
				"OBJECTID_1" : 2772,
				"POSTAL_CODE" : "367803",
				"BUILDING_NAME" : "Singapore",
				"UNIT_NO" : "28",
				"LEVEL_NO" : "#B1",
				"ROAD_NAME" : "BIDADARI PARK DRIVE",
				"HOUSE_BLK_NO" : "11",
				"PHARMACY_NAME" : "Unity by Fairprice (UWLM) Woodleigh Mall",
				"INC_CRC" : "F944ECDC05F39A49",
				"FMEL_UPD_D" : "20250925154506"
			}
		},
		{
			"type" : "Feature",
			"geometry" : {
				"type" : "Point",
				"coordinates" : [ 103.83091978573026, 1.354669018820504 ]
			},
			"properties" : {
				"OBJECTID_1" : 2773,
				"POSTAL_CODE" : "574408",
				"BUILDING_NAME" : "Singapore",
				"UNIT_NO" : "100/101",
				"LEVEL_NO" : "#01",
				"ROAD_NAME" : "UPPER THOMSON ROAD",
				"HOUSE_BLK_NO" : "301",
				"PHARMACY_NAME" : "Unity by Fairprice Thomson Plaza (UTSZ)",
				"INC_CRC" : "017D965EE12E58E5",
				"FMEL_UPD_D" : "20250925154506"
			}
		},
		{
			"type" : "Feature",
			"geometry" : {
				"type" : "Point",
				"coordinates" : [ 103.84514380164273, 1.2842239169974796 ]
			},
			"properties" : {
				"OBJECTID_1" : 2774,
				"POSTAL_CODE" : "058362",
				"BUILDING_NAME" : "Singapore",
				"UNIT_NO" : "02",
				"LEVEL_NO" : "#B1",
				"ROAD_NAME" : "UPPER CROSS STREET",
				"HOUSE_BLK_NO" : "91",
				"PHARMACY_NAME" : "Vivahealth Pharmacy Pte Ltd",
				"INC_CRC" : "ACA729C9D6C4B1D4",
				"FMEL_UPD_D" : "20250925154506"
			}
		},
		{
			"type" : "Feature",
			"geometry" : {
				"type" : "Point",
				"coordinates" : [ 103.90198817400874, 1.406536107205987 ]
			},
			"properties" : {
				"OBJECTID_1" : 2775,
				"POSTAL_CODE" : "828761",
				"BUILDING_NAME" : "Singapore",
				"UNIT_NO" : "31 TO 32",
				"LEVEL_NO" : "#B1",
				"ROAD_NAME" : "PUNGGOL CENTRAL",
				"HOUSE_BLK_NO" : "83",
				"PHARMACY_NAME" : "WATSON'S PERSONAL CARE STORES PTE LTD (WATERWAY POINT)",
				"INC_CRC" : "92251D968CB4D2B9",
				"FMEL_UPD_D" : "20250925154506"
			}
		},
		{
			"type" : "Feature",
			"geometry" : {
				"type" : "Point",
				"coordinates" : [ 103.82693508428727, 1.286463453186875 ]
			},
			"properties" : {
				"OBJECTID_1" : 2776,
				"POSTAL_CODE" : "168732",
				"BUILDING_NAME" : "Singapore",
				"UNIT_NO" : "131 TO 132",
				"LEVEL_NO" : "#01",
				"ROAD_NAME" : "TIONG BAHRU ROAD",
				"HOUSE_BLK_NO" : "302",
				"PHARMACY_NAME" : "WATSONS PERSONAL CARE STORES (TIONG BAHRU PLAZA)",
				"INC_CRC" : "529D5820E20AED72",
				"FMEL_UPD_D" : "20250925154506"
			}
		},
		{
			"type" : "Feature",
			"geometry" : {
				"type" : "Point",
				"coordinates" : [ 103.84839922748421, 1.369248912820203 ]
			},
			"properties" : {
				"OBJECTID_1" : 2777,
				"POSTAL_CODE" : "569933",
				"BUILDING_NAME" : "Singapore",
				"UNIT_NO" : "29",
				"LEVEL_NO" : "#B1",
				"ROAD_NAME" : "ANG MO KIO AVENUE 3",
				"HOUSE_BLK_NO" : "53",
				"PHARMACY_NAME" : "Watson's Personal Care Stores Pte Ltd (Ang Mo Kio Hub 2)",
				"INC_CRC" : "0AB8ACDD14E14F35",
				"FMEL_UPD_D" : "20250925154506"
			}
		},
		{
			"type" : "Feature",
			"geometry" : {
				"type" : "Point",
				"coordinates" : [ 103.92918207824476, 1.3247936071073885 ]
			},
			"properties" : {
				"OBJECTID_1" : 2778,
				"POSTAL_CODE" : "467360",
				"BUILDING_NAME" : "Singapore",
				"UNIT_NO" : "12/13",
				"LEVEL_NO" : "#B2",
				"ROAD_NAME" : "NEW UPPER CHANGI ROAD",
				"HOUSE_BLK_NO" : "311",
				"PHARMACY_NAME" : "Watson's Personal Care Stores Pte Ltd (Bedok Mall)",
				"INC_CRC" : "DE735AA583E36EEA",
				"FMEL_UPD_D" : "20250925154506"
			}
		}
	]
}